A1,294428,309116,350526,382802,435092,475357,521264,594000,629946,714660,779795,867662,956602,1058295,1214353,1383965,1565376,1811553,2199159,2609879,3125023,3697367,4402431,5076477,5836135,6549798,7234821,7853773,8628151,9175333,9831754,10287592,10888545,11415522,11906524,12399264,12885583,13365668,13761680,14120357,14499009,14784340,15126574,15367875,15696743,15937864,16152704,16269910,16335208,16191121,16017716,15784513,15493615,15204785,14931536,14681740,14453337,14230210,14042576,13947052,13842206,13768965,13707681,13704643,13671568,13690624,13650026,13641660,13596928,13538414,13477282,13473058,13434247,13617575,13733273,14084018,14630447,15706072,17303637,19535939,22536618,26004574,29211413,32272589,34345238,36206254,36735067,36719646,35808181,35183827,34205834,33919811,33473160,33410997,33238399,33566617,34171650,35286681,36906731,39076843,41687407,44097023,46083993,47615852,48520660,48857526,48637809,47902016,46450071,44706058,42749886,40848078,38725543,36899738,35032610,33352749,31664922,30092689,28682519,27348616,26294302,25399219,24692952,24125640,23704154,23374412,23125259,22886533,22753114,22560057,22354829,22160375,21918318,21630129,21331315,20900812,20445609,19811017,19161993,18533039,17993631,17435377,16994367,16492160,16102436,15666001,15258677,14885381,14499762,14103632,13747495,13309439,12921067,12481602,12047965,11560919,11061242,10566016,10038177,9470666,8932776,8426254,7905838,7414386,6940226,6495522,6054809,5639548,5219820,4862158,4526189,4215978,3943726,3672505,3456880,3251743,3074493,2921746,2765210,2644773,2531511,2438244,2346648,2272424,2211774,2150041,2083055,2058294,2025675,1979041,1952687,1925961,1899105,1876120,1836873,1819324,1778722,1754425,1720460,1680475,1631242,1594274,1545950,1490320,1432421,1380984,1322410,1262669,1203476,1147077,1092405,1049275,1004570,956556,888336,847248,809036,775889,743895,693774,669943,635740,611943,597025,562985,543394,523602,508511,487661,467534,455752,444070,428688,413968,400159,389192,371966,360596,345519,334031,325843,316959,305689,296310,285309,279844,267299,260316,250640,245395,239275
A2,291206,313197,336579,392532,437546,472235,513103,578556,629570,700417,789592,855644,976311,1051039,1192131,1342974,1570045,1810302,2160255,2549717,3102712,3689925,4335688,4994145,5745792,6434055,7169537,7784084,8572402,9111685,9712014,10270327,10832850,11342947,11800271,12311635,12772265,13237082,13678399,14091516,14487696,14732981,15084885,15384860,15809243,16039614,16362607,16479183,16496365,16349140,16200724,15920077,15641129,15314770,15030550,14802821,14568088,14327431,14197426,14035136,13871576,13827291,13780324,13803256,13761326,13804883,13731817,13774783,13686219,13690131,13537427,13582531,13621789,13718049,13813369,14176542,14732568,15778176,17325631,19548688,22447578,25902631,29122750,32201898,34260995,36061871,36510918,36676871,35738282,35096254,34088094,33819999,33284046,33147461,33134965,33437182,33954946,35087938,36796545,38903676,41399698,43857779,45856428,47351660,48287248,48743724,48485641,47606487,46296796,44699592,42670240,40685763,38666806,36811609,34977242,33281636,31599659,30002038,28561765,27301774,26221835,25260541,24536478,23996245,23623733,23298320,23023276,22825226,22664632,22428793,22231931,22055954,21849579,21538629,21245427,20877661,20369784,19699666,19100740,18506027,17870613,17377305,16896978,16438070,16009508,15588753,15217829,14844477,14447495,14076292,13695631,13290344,12903187,12442297,12015231,11518288,11024792,10528763,10008014,9481048,8911602,8419476,7903223,7394984,6937280,6470995,6042652,5627208,5216318,4849462,4521621,4211821,3933999,3677950,3452720,3242976,3065511,2904835,2762895,2654224,2525571,2444822,2349984,2276962,2205732,2150041,2091994,2051273,2010161,1972599,1949447,1914447,1882692,1871015,1844706,1805329,1782212,1742544,1711242,1668714,1630980,1589255,1532966,1493111,1430556,1385133,1328106,1265292,1203065,1152873,1087508,1048850,1000802,952683,898577,853306,811546,776443,743158,703009,670992,637217,611849,590813,572555,544692,526027,507758,486020,473901,461519,440747,426384,414170,403425,387759,374519,362169,345314,338289,326512,313998,304493,294836,284707,276362,270548,262275,252740,243689,237737
A3,281127,311081,343399,385660,418293,454235,492457,572155,617647,681875,744670,824852,901256,999249,1112111,1282961,1449346,1703249,2039418,2395064,2906670,3436618,4071239,4682415,5329155,6024611,6657807,7310617,7931720,8445838,9132587,9615833,10103794,10582500,11095706,11602191,12061213,12628512,13199701,13841421,14377943,14883892,15415525,15991601,16626742,17360533,17898585,18222330,18207399,18003497,17714763,17137864,16676388,16200375,15797410,15441753,15226547,15055918,14830606,14694905,14608646,14542540,14501219,14541839,14515533,14585007,14543038,14541264,14470535,14435678,14344991,14415644,14432089,14513574,14590451,14953057,15379992,16314047,17644670,19733085,22259657,25400373,28361320,31195127,33148720,34837410,35268149,35348234,34416270,33871991,32918293,32640962,32106575,32104291,31998541,32340064,32884471,34007961,35619175,37641971,40161800,42606043,44640197,46117467,47128143,47590541,47338819,46670408,45274138,43663320,41677160,39715454,37700374,35866675,34059581,32477419,30753326,29208846,27806434,26545410,25471360,24545583,23874669,23368070,22920210,22578561,22349398,22196600,21958734,21769900,21601600,21398901,21222362,20965137,20703711,20247528,19730588,19149781,18583782,17958734,17418460,16923375,16426456,15990713,15623951,15214991,14813538,14432166,14083827,13699041,13326430,12951906,12546685,12129338,11678168,11206407,10765086,10266458,9776629,9257568,8736034,8214415,7726161,7247963,6803447,6329017,5914226,5516169,5115462,4783833,4446817,4156853,3851894,3615559,3395821,3201552,3002461,2867567,2725809,2611846,2495363,2406044,2332291,2234772,2177431,2108698,2063353,2012557,1986623,1953901,1925283,1893522,1866609,1857252,1813730,1791682,1766757,1722786,1687112,1664461,1606532,1564593,1517514,1473659,1423722,1366264,1305960,1257675,1201783,1138933,1088163,1048487,994903,946207,891657,836263,803510,774041,739549,696659,666375,630756,607135,589901,563180,538294,526249,499214,483111,467990,451527,436194,423836,412394,393486,383866,366389,361843,345365,334804,325307,309476,303770,293274,283748,270469,262234,257393,247751,237547,236107
A4,285070,310676,339477,366289,426061,459766,503977,563388,602341,675980,730101,817941,913589,994393,1106942,1246312,1449393,1693815,2030292,2393712,2877798,3431804,4070340,4714789,5399370,6089153,6717092,7420070,8029232,8665403,9203095,9765575,10278542,10821226,11195739,11722427,12222639,12727922,13181924,13680946,14189992,14554351,14990522,15440318,15953827,16419870,16799361,17046785,17088976,16937785,16693092,16328936,15921695,15538576,15221749,14949291,14652791,14453726,14268353,14150861,14052388,13998436,13956493,13989070,13995356,14068982,14056688,14027125,13948907,13994770,13949694,14013422,14017841,14138141,14201408,14493232,14917129,15721344,16844141,18763092,21068532,24080452,26901674,29693586,31647384,33381667,33912377,34040169,33210988,32586758,31594634,31286814,30832858,30724961,30588021,30844745,31293175,32232728,33673272,35654358,38057977,40441007,42471871,44131808,45127215,45679793,45611357,44937772,43656334,42083058,40246729,38311705,36325402,34595730,32877051,31248719,29645583,28219490,26820578,25574181,24590384,23693423,23022251,22439742,22059199,21767604,21519947,21292457,21194248,20967421,20793659,20606679,20463533,20205671,19876072,19545896,19106760,18527078,17943348,17368770,16827383,16299886,15895473,15455808,15055466,14659030,14296720,13919767,13578116,13213850,12866030,12496840,12120375,11711152,11309609,10844925,10377264,9923014,9454207,8944324,8416098,7949994,7481828,7007279,6574683,6134182,5722310,5335114,4963871,4646014,4305703,4054086,3749432,3528069,3306665,3116485,2951242,2778573,2651084,2529632,2424580,2320246,2252059,2154539,2103719,2039849,1999600,1957202,1913225,1883912,1863010,1832997,1800840,1774075,1759106,1724666,1700331,1664463,1633124,1598958,1559725,1514361,1468976,1430744,1377568,1322255,1272747,1221761,1163277,1115634,1062693,1006205,961310,919593,863052,818162,776687,751191,709805,675516,645855,611842,586544,564311,551149,530691,507326,492425,471681,450552,438671,422515,410582,401166,380490,372982,360907,344809,334954,324530,312588,301100,292105,287208,274628,268758,256796,246571,242629,235913,225222
A5,281831,326216,330588,371069,425091,459415,496477,553224,571703,662268,719293,779510,892919,967442,1079547,1253957,1409179,1639323,1946778,2293497,2785987,3284294,3868062,4535151,5131978,5794887,6443516,7051572,7681678,8281084,8789521,9340238,9810666,10324856,10774874,11203796,11842114,12400106,12890390,13504590,14094170,14606760,15191677,15809784,16533014,17218377,17817257,18149039,18234887,17937393,17599933,17053787,16600503,16056157,15688719,15351441,15073243,14818984,14669548,14511600,14442411,14389703,14404376,14449031,14413894,14470038,14512125,14488055,14465485,14434157,14415059,14433324,14450213,14552937,14691868,14924151,15297320,16066229,17175936,18900688,21231729,24024245,26781153,29398815,31278688,32950417,33413181,33513472,32725465,32157914,31161994,30871310,30431506,30272884,30195505,30447347,30972824,31930449,33404228,35386574,37773914,40092086,42236652,43811612,44782848,45357966,45328979,44723186,43346457,41824216,39944128,38087126,36106581,34357933,32608716,30902607,29360463,27903950,26570913,25333733,24279074,23434591,22739877,22227802,21825239,21503744,21308491,21086738,20900602,20735425,20556125,20384576,20208013,19955043,19670126,19330745,18911716,18296800,17732541,17136603,16653945,16132339,15702302,15310486,14912000,14494950,14135437,13789534,13459830,13078199,12714890,12377278,11970014,11581305,11183477,10742388,10291277,9822754,9356002,8850193,8341652,7871451,7399120,6902994,6489302,6075975,5670327,5284421,4921164,4598219,4274350,3995330,3728600,3494780,3266742,3090570,2923300,2755096,2634299,2512328,2408201,2300016,2220888,2153285,2089158,2031054,1974719,1938208,1893700,1868490,1840525,1824576,1792562,1774156,1737745,1711222,1685074,1658325,1625784,1589082,1548421,1512334,1467287,1421404,1364432,1309359,1265951,1208416,1157799,1107690,1051473,1009271,961799,913898,866639,812359,777335,746858,714864,673688,646687,616395,588828,570723,547641,523824,505258,487449,467610,451111,438849,427749,413284,397138,385583,371176,360739,343508,335335,324977,317123,302496,292276,283967,274905,266406,259533,249013,240707,237564,228154
A6,116363,137181,166363,205341,242048,284884,338192,400219,445503,526975,585800,683122,781707,897037,1000364,1173041,1369092,1630085,1960989,2403923,2910431,3523121,4163040,4854466,5552919,6292752,7047531,7643117,8385191,8982097,9558745,10122855,10690041,11154896,11654684,12129768,12570061,13036215,13473435,13840603,14199030,14472414,14749331,15063832,15371006,15628263,15896418,15999674,16001704,15916324,15686733,15474742,15147612,14839775,14555504,14344117,14050084,13859349,13665436,13529559,13352569,13297134,13218924,13212329,13185491,13199769,13135497,13085927,13000435,12948743,12827587,12838054,12835731,12923917,12951033,13241966,13671096,14600497,15883131,17885294,20440843,23577506,26545457,29411730,31424479,33081502,33546066,33719351,32873170,32259860,31313076,31068418,30536282,30536117,30456030,30736253,31248304,32257828,33834397,35835857,38191582,40639119,42715997,44258055,45258984,45739283,45652680,44884247,43591570,41990451,40093564,38075337,36158099,34367640,32540619,30883464,29297432,27799339,26371262,25158987,24123234,23224158,22517898,21955847,21588351,21243593,20984997,20768513,20636689,20394599,20213198,20020492,19843040,19532599,19256545,18878327,18426955,17814496,17297295,16694351,16159513,15668140,15258469,14810750,14397664,14051151,13658864,13297030,12950423,12612669,12262049,11864877,11487747,11101527,10672510,10229712,9823499,9342045,8874969,8375063,7906991,7433415,6990762,6520716,6105083,5702665,5301230,4954415,4604007,4309892,4013861,3745805,3487808,3266467,3051780,2883205,2717208,2591685,2455692,2335341,2238177,2141639,2069893,1996789,1945795,1875362,1846030,1796666,1773791,1749614,1720151,1692720,1660213,1648517,1634665,1597356,1575260,1550579,1508373,1481050,1443060,1402942,1351722,1316251,1262258,1214748,1171370,1122539,1064199,1015867,970152,920000,876998,837167,784572,747887,710640,681798,650042,612300,579859,555462,531945,513630,493997,472992,453405,437594,413620,406169,392742,384043,363345,356649,345289,331334,313110,307103,291518,286337,272787,266179,255918,241223,239545,227931,221859,210553,208034,199674,192808
A7,107832,131543,161948,198500,238433,286163,343503,397486,453439,519282,588342,646796,765048,871907,1005792,1156284,1363291,1620592,1981324,2381603,2887112,3467303,4102828,4799071,5521199,6207870,6974329,7577212,8253525,8876621,9468164,10041074,10573130,11024307,11533668,12021138,12505097,12934830,13351846,13783727,14150751,14490454,14796154,15190959,15607689,15922697,16154813,16344394,16379049,16255054,15984458,15695827,15307672,15031518,14747744,14467704,14187856,13988445,13806925,13662881,13522878,13458881,13403850,13358861,13331378,13336395,13327810,13218826,13158018,13126101,13037166,13041152,12985995,13085715,13162600,13431926,13901014,14735949,16019347,17983053,20534822,23569483,26525888,29334127,31323113,32976434,33427407,33620343,32773544,32133042,31240231,30888786,30481114,30413305,30266585,30607349,31105544,32099349,33611693,35606775,38028943,40442733,42532114,44077348,45028839,45562806,45453338,44745583,43411569,41792855,39927246,37990581,36013395,34240806,32435550,30773134,29172949,27693769,26279857,25023269,24053373,23122913,22430346,21879627,21510581,21157734,20898227,20632841,20530545,20308122,20116839,19942685,19756466,19437829,19179094,18798734,18345353,17771100,17157955,16605285,16091750,15581098,15186235,14749350,14340333,13982079,13618061,13267625,12905519,12567865,12201185,11839625,11431875,11048951,10643953,10196639,9764756,9319923,8874727,8341515,7887734,7407149,6962616,6500818,6101001,5676272,5301972,4951665,4619798,4300551,3982904,3750310,3479433,3263353,3038046,2873680,2699621,2561403,2436748,2327837,2232151,2134550,2067523,1987782,1926905,1868875,1836249,1799977,1764734,1737146,1716726,1692886,1662871,1634384,1611516,1605861,1577662,1537225,1507099,1480707,1438863,1390947,1362726,1316321,1267827,1226780,1170654,1114953,1067586,1013149,960955,920989,881228,833830,786258,746489,710166,680872,647874,612508,583538,552956,528924,514137,491530,466968,451541,432193,418657,406772,386513,380900,368043,353425,336744,324457,312279,300852,294970,279532,271965,260892,256502,244379,239312,230977,221189,211439,205718,199242,192646
A8,108309,123490,159869,194750,224848,270814,320114,381196,428617,485155,551400,631708,715619,813396,947818,1083201,1269612,1520001,1821489,2230284,2724317,3246186,3884835,4474808,5161550,5870211,6520864,7187227,7757723,8392969,8934274,9437436,10005882,10396506,10945001,11397606,11899871,12393867,12952563,13475395,13997303,14472318,14965014,15521949,16129275,16675820,17232861,17422243,17479164,17257853,16981779,16487011,16040959,15564199,15185321,14888100,14573903,14358986,14160096,14030924,13924698,13864266,13843346,13813079,13787591,13847758,13767689,13699514,13683707,13634850,13516619,13526442,13519040,13618386,13661383,14002449,14372892,15133950,16298472,18140873,20432686,23258533,26109206,28773856,30602385,32251379,32759449,32917749,32049744,31450695,30537240,30267531,29780673,29742388,29657950,29921979,30456550,31436052,32853753,34737503,37218198,39688269,41682271,43323273,44381756,44904074,44751687,44124102,42960720,41253681,39400758,37513663,35595953,33739638,31949460,30355851,28769533,27260253,25904393,24668781,23640604,22713241,22066953,21549925,21088845,20763375,20556511,20312712,20147750,19953341,19757535,19618411,19341853,19113022,18874612,18494949,18054957,17497132,16946458,16373448,15835947,15377145,14940906,14491756,14168981,13796058,13415302,13077373,12729235,12407056,12025686,11654611,11296538,10891872,10502924,10068157,9681074,9205059,8747702,8242543,7784017,7321551,6883001,6440515,6038717,5635894,5263871,4919184,4572309,4258794,3950077,3707423,3447823,3231604,3026466,2862958,2675978,2549678,2433558,2309914,2217495,2124548,2048554,1972088,1924440,1869627,1824059,1780785,1755855,1728911,1701945,1688343,1662039,1639951,1607893,1582617,1571077,1532427,1499882,1471705,1435132,1391146,1349341,1307335,1258634,1213662,1159791,1118852,1067226,1015837,968226,919062,880310,833781,791209,742490,707330,682803,647203,612602,583561,550520,530866,508971,491027,469158,454005,434899,419163,401158,392066,378242,366061,351751,338163,326879,310898,304541,288288,278539,269893,261560,256142,244624,234415,223698,218498,213942,203756,195751,189000
A9,112253,126979,155584,195000,228000,288023,312841,382198,430264,486185,549749,639412,726699,817396,937534,1076727,1257750,1504323,1807109,2230325,2702983,3189621,3812764,4404988,5104302,5808713,6438880,7104863,7702537,8279168,8833829,9342926,9839253,10328435,10743567,11295689,11790537,12313576,12885202,13410246,13994798,14514401,15048349,15542784,16261825,16906418,17446951,17685334,17808681,17509573,17224965,16698272,16221082,15732939,15321834,15013020,14746151,14482958,14301270,14181624,14026425,14003828,13946069,13964310,13904827,13901189,13906769,13856085,13778159,13773949,13722975,13680527,13695853,13761460,13867661,14096035,14484854,15281887,16427320,18180172,20486631,23320674,26049425,28720008,30584261,32197983,32631485,32758343,32020978,31382379,30439634,30172433,29713392,29686619,29546577,29837800,30331296,31332759,32793371,34748022,37146978,39532027,41633415,43222589,44257073,44820265,44714026,44123878,42775692,41230678,39357500,37462666,35454318,33672258,31968343,30298497,28685221,27200839,25848686,24555795,23549678,22700197,21996433,21437942,21074116,20732448,20507478,20246887,20092191,19940943,19716635,19514981,19340632,19075131,18783852,18447237,18024393,17469999,16882927,16313922,15813613,15323191,14924777,14512489,14107502,13754932,13415277,13060582,12681175,12352375,12017310,11634839,11264470,10895316,10496541,10040724,9645969,9177898,8736353,8235074,7771065,7301385,6863708,6415016,6030166,5599482,5235048,4878150,4553475,4251637,3936463,3688191,3436163,3221134,3018161,2846432,2693770,2561126,2423607,2314027,2220822,2125735,2048735,1981508,1927764,1875477,1821980,1788249,1759758,1732587,1705331,1687662,1664889,1631903,1615790,1583789,1563444,1531158,1504058,1472551,1424398,1398210,1349249,1313084,1253890,1209073,1159207,1110243,1065288,1014918,954400,921119,872800,833271,788581,744654,710730,683702,646301,611389,580061,551906,532716,512484,492852,474966,455783,436461,421138,402006,392012,377180,364822,355809,339392,330187,315899,302715,291758,281996,270797,258268,256872,240723,231960,222111,216466,213050,202639,196047,192186
A10,102797,129189,156753,186750,222909,273684,309378,366120,418191,471077,538995,618439,704000,794977,898455,1050621,1207880,1443899,1760910,2112854,2570042,3053083,3633237,4208526,4856697,5481911,6123108,6726249,7330347,7843589,8377116,8890042,9354431,9821588,10289071,10776386,11321344,11888591,12580456,13284326,13926092,14578369,15231011,15968120,16858663,17746013,18538454,18813948,18915036,18572268,18237071,17489748,16909373,16392551,15927257,15493059,15222160,15011652,14841737,14708485,14599356,14557433,14507637,14521471,14547691,14542482,14540183,14531966,14406610,14426356,14330264,14369140,14319438,14399158,14450144,14687368,15066666,15785740,16794383,18453285,20618636,23225159,25852532,28360266,30178377,31679503,32152459,32249548,31404128,30839014,29980308,29758598,29291464,29219479,29154512,29445850,29951755,30919330,32419617,34334135,36712658,39107481,41209316,42725458,43857159,44443736,44343543,43788294,42476482,41000757,38997502,37086722,35178322,33395166,31629409,29999019,28413534,26960511,25554950,24317691,23321692,22433559,21813640,21256973,20858075,20492255,20271546,20045006,19880617,19659839,19515881,19342500,19150498,18887321,18601374,18230498,17803812,17256361,16716539,16165898,15673503,15179053,14779331,14378578,13977507,13636794,13279173,12906241,12567890,12262290,11912876,11516809,11184353,10798803,10396722,9973570,9560105,9096395,8652399,8142258,7708241,7240044,6798340,6367087,5961997,5562028,5185527,4848464,4520277,4212677,3935858,3681170,3427805,3204092,3008929,2839838,2667417,2528684,2417973,2306985,2207445,2113754,2042738,1971233,1908746,1862815,1822319,1786488,1752752,1731701,1704577,1679590,1648264,1640930,1605820,1586617,1563801,1530712,1493660,1466954,1428583,1398011,1346167,1306954,1256456,1216310,1159721,1123109,1063303,1008960,963076,919009,885887,836232,787574,743727,711710,688221,646143,615986,586859,560065,530266,520029,496282,479257,450809,435995,421923,408784,390113,385315,363346,354347,343280,326172,318035,304727,289672,282399,270194,265962,256364,244834,235089,226278,221914,211344,205847,197346,194056
A11,334545,436107,559739,717625,907229,1154420,1393222,1689619,1954363,2256310,2495581,2798930,3077132,3344355,3614030,3920091,4216457,4546673,4743710,5035207,5362046,5631946,6040601,6453436,6933620,7550211,8232746,9019440,9848964,10651621,11352556,11865616,12247276,12531689,12658694,12893232,12896261,12929646,12910721,12831659,12915455,12956166,13118880,13349201,13765907,14041770,14447274,14670472,14855794,15018520,14956866,14775857,14668750,14648969,14690659,14762539,15083436,15400457,15808963,16176319,16547582,16692755,16801095,16760290,16612346,16363241,16100038,15830323,15574145,15290429,15179899,15350886,15993421,17163865,19742962,24431662,32159538,40164656,46976180,51600427,54552955,56617269,58099913,58701882,57873687,56310453,54353818,52490067,50642142,49108939,47303457,45864801,44601769,44229450,44401807,45236129,46906771,48620700,50645837,52011241,53714547,55061626,56316714,57033252,57374110,57226161,56795434,56485133,56405091,56166133,55869407,55574307,55314908,55101299,55031623,54935026,54512672,54004907,53269243,52572650,51825776,51267991,50867400,50501947,49887108,49200544,48570313,47844457,47106451,46478872,46055903,45666627,45380439,45237164,45162672,45094628,45068125,44985961,44902029,44616003,44443287,44106941,43547854,42889328,41890549,41044349,40223493,39820599,39446830,39232966,38862295,38504118,38062233,37518794,36996078,36484973,36042895,35508222,34971079,34495689,34072110,33666267,33539812,33529016,33335993,32980577,32560372,31965498,31073071,30383837,29806003,29319577,28599483,27995960,27336757,26713395,26073670,25547540,25096325,24515988,24038801,23540730,23291318,23078329,23038868,22828288,22346711,21826431,21481049,21354544,21300077,21351044,21471555,21596398,21613490,21767060,21765706,21900153,21726319,21490204,21451244,21491765,21051549,20978024,20703501,20320134,19696360,19079151,18323418,17709699,16963597,16193141,15303876,14658554,14066936,13442890,12513436,11689270,11138148,10744082,10304414,9878344,9372097,8971860,8738121,8516016,8234640,7995113,7775494,7561634,7338831,7173351,6971839,6817011,6614364,6432653,6205776,6015115,5754931,5547107,5270596,5033332,4777697,4519179,4280965,4070016,3857907,3700904,3511553,3347799,3181792
A12,339155,428725,550000,731125,928243,1168890,1400792,1681641,1972342,2238869,2476385,2774442,3022765,3336670,3618103,3915647,4197137,4478571,4740171,5083474,5366987,5673975,5995620,6433292,6901620,7505109,8209247,9073752,9805322,10551264,11248303,11827015,12130583,12465459,12672634,12760112,12857447,12859922,12863245,12833460,12800177,12849072,13088489,13236044,13665770,14000766,14359629,14654333,14857218,14898425,14896643,14724392,14613773,14549296,14616734,14719209,15011611,15274965,15740967,16122345,16473566,16643622,16720293,16669586,16537579,16280233,16047719,15773514,15541730,15231750,15195480,15300260,15968952,17110291,19681966,24334769,32041921,40109343,46914896,51554102,54421691,56594448,57991657,58612875,57827615,56328558,54395246,52545452,50610127,49089851,47264246,45848932,44645547,44244942,44413933,45217323,46937751,48666419,50584640,51970443,53690090,55115637,56351885,57044601,57386379,57219896,56778130,56533589,56368861,56204929,55804886,55621824,55308222,55115213,54987645,54892334,54527835,53963036,53285293,52638516,51899070,51298379,50858831,50469799,49892344,49254212,48594231,47846951,47114467,46455464,45998783,45691313,45435194,45271840,45127964,45074076,45030651,44986534,44918727,44694323,44414758,44129900,43537268,42826905,41910796,41069827,40255317,39795310,39472996,39261646,38857259,38467890,38060951,37537674,36980533,36495134,36016955,35491366,34962699,34458739,34031887,33644967,33467414,33432276,33312768,32945837,32506368,31933281,31092057,30327551,29825527,29309167,28609070,27955262,27294609,26722002,26042752,25518648,25068206,24516589,24015855,23552024,23272376,23059158,23053283,22795629,22354776,21816663,21436841,21333940,21295208,21351132,21442303,21602399,21607613,21710319,21726896,21874220,21714541,21453664,21436030,21446585,21005668,20926687,20653107,20267753,19683811,19046618,18286553,17679169,16921288,16164246,15284870,14631050,14046103,13402103,12484699,11661002,11113189,10738074,10275874,9849344,9348299,8946925,8721252,8485904,8235112,8004379,7753305,7552786,7342180,7140682,6962206,6812499,6612088,6405920,6183174,5985803,5747272,5526091,5245988,5019113,4761284,4511696,4272365,4047062,3844851,3657773,3500578,3326447,3188815
A13,333239,426892,538562,682625,901952,1124446,1378524,1642733,1880320,2176704,2419601,2687062,2952574,3257956,3546944,3828003,4070479,4352718,4671329,4931171,5228007,5521304,5872096,6302100,6721340,7311065,7977755,8744982,9593017,10288337,10933057,11506699,11912730,12155592,12328817,12453821,12537633,12561300,12590547,12526115,12515774,12533640,12668937,12904264,13287703,13591575,13938612,14199298,14440713,14505932,14504798,14359639,14228489,14167996,14227090,14341426,14553497,14861794,15276342,15679638,15961144,16164375,16262994,16128295,16046522,15856750,15661979,15358462,15090907,14835210,14755218,14796970,15363907,16464673,18804166,23091104,30331604,38248474,44827160,49612474,52803983,54998254,56415843,57317948,56633834,55118727,53103108,51372108,49511728,47826104,45997023,44712667,43464059,42922363,43055915,43991003,45503911,47200055,49256820,50794968,52399044,53793253,55130872,55904927,56204671,56104164,55819339,55442547,55182037,55057654,54852986,54535603,54175395,54105081,54004635,53902420,53585638,53088555,52361879,51696105,51009836,50490140,49988059,49644250,49060854,48491959,47794427,47055954,46396083,45755410,45234227,44947595,44723811,44444818,44356203,44367055,44421038,44300041,44236507,44037222,43860888,43468174,42991032,42374949,41393933,40507230,39823169,39315209,38938710,38766633,38387057,38068086,37518062,37062041,36551098,36002573,35555834,35025167,34519474,33996257,33573675,33151783,33007338,32940855,32813699,32500927,32041411,31466941,30639843,29913217,29356713,28830327,28158135,27541084,26890587,26269268,25656065,25121448,24666469,24133553,23686115,23163080,22864408,22676980,22666051,22356636,21953072,21462314,21062173,20944962,20955269,20996825,21059250,21191318,21254138,21364877,21296248,21480951,21350381,21075677,21001315,21037800,20651042,20541419,20228490,19909774,19333847,18681913,17940742,17382958,16642615,15811291,15025251,14349695,13770133,13145031,12242217,11443049,10875113,10480768,10068033,9656166,9114687,8764496,8529357,8302102,8029872,7806274,7566266,7357143,7153993,6976709,6784558,6632679,6425760,6275284,6050751,5822177,5598994,5382428,5110542,4878716,4633734,4397103,4143088,3949004,3756109,3581363,3404616,3249314,3107316
A14,328873,425638,524968,697107,896098,1142340,1342274,1629452,1893831,2155982,2433872,2710885,3004118,3271073,3534615,3844536,4088786,4381617,4662496,4959444,5226673,5536634,5884335,6249970,6737471,7298850,8029907,8745060,9519331,10266760,10955595,11434410,11883220,12150382,12335728,12411097,12542973,12570981,12492874,12511945,12476186,12539933,12632421,12854473,13253643,13586477,13894725,14169213,14422818,14419265,14462309,14352288,14210350,14126133,14162069,14309524,14547011,14859848,15238289,15654879,16003391,16087704,16284345,16163284,16074399,15820160,15627954,15343068,15077637,14839200,14715721,14799633,15344018,16472254,18871927,23146018,30365593,38317610,45176186,49769763,53064894,55219707,56690177,57416024,56842679,55331273,53245425,51402139,49689612,48159317,46221051,44869685,43675732,43126287,43258471,44155139,45783553,47458043,49486541,51069688,52581171,53921294,55311183,56128435,56395225,56245555,55939335,55663690,55404114,55280756,55042514,54724249,54300560,54232931,54206824,54046835,53726911,53261995,52590994,51820759,51102080,50640192,50164351,49700207,49202451,48601241,47928075,47166848,46496195,45892829,45341782,44985799,44811444,44608359,44438185,44378137,44462795,44475774,44300765,44134793,43977127,43566141,43066120,42389669,41479182,40578575,39812002,39357010,39026624,38801180,38401646,38068013,37575426,37107858,36567018,36088366,35542597,35065841,34543774,34043395,33544447,33174624,33040559,32950842,32805490,32525959,32074737,31476507,30643889,29938289,29417178,28845729,28191938,27535760,26880116,26259570,25661265,25128433,24640910,24135129,23682260,23157205,22850079,22662587,22667803,22373197,21953272,21448423,21101696,20984120,20939352,20988008,21069557,21225185,21245954,21366558,21361107,21461164,21367175,21102099,21021015,21013455,20644793,20540983,20232594,19897444,19329681,18690140,17949486,17374176,16622512,15858036,14997828,14375741,13783107,13133466,12220478,11436071,10877844,10480839,10075429,9671255,9149967,8759690,8536133,8296910,8047902,7805358,7566712,7370907,7161943,6972002,6788554,6643226,6423310,6258657,6037271,5820191,5586318,5368266,5113424,4884566,4635215,4398302,4153574,3941745,3759665,3566696,3388640,3252882,3108587
A15,314366,421486,530458,693625,865576,1149007,1363297,1647913,1894363,2166601,2444548,2728042,2934931,3252620,3507309,3808447,4080524,4367803,4597682,4917345,5207065,5509701,5875362,6268557,6725358,7259051,7936099,8754454,9518218,10254445,10943676,11448081,11770340,12059171,12182812,12357016,12446027,12539737,12432502,12414693,12388409,12466331,12565414,12826287,13217717,13503282,13838469,14107271,14337576,14368566,14333134,14217427,14116344,14046781,14127748,14202204,14456841,14807562,15199411,15594449,15884572,16082130,16171963,16092406,15989478,15727268,15526599,15288200,14956813,14737601,14638415,14791067,15395424,16593428,18941556,23358368,30831480,38852930,45631852,50204725,53404932,55457792,56923041,57677173,56952242,55591769,53580832,51789488,49989409,48454089,46624059,45305423,44035196,43605794,43690791,44596266,46320633,47893381,49896407,51411252,52997412,54310250,55755662,56477575,56816062,56602687,56271734,56097893,55779619,55586667,55351572,55087466,54695358,54539179,54442481,54474787,53985648,53541646,52846684,52203054,51378898,50918226,50481519,50004391,49441418,48809819,48215031,47414274,46725144,46106734,45627465,45248999,45054249,44908027,44744849,44704966,44696965,44705433,44537692,44348564,44144535,43792395,43241481,42548561,41683435,40769667,39926514,39532322,39189834,38948518,38556835,38215658,37741746,37233343,36646890,36180479,35673005,35133695,34645378,34136354,33651282,33254003,33100888,33059198,32878606,32610816,32165839,31566205,30688788,29938108,29459781,28908638,28191520,27594499,26940116,26362607,25661303,25162112,24714195,24151277,23706998,23204288,22915987,22731575,22684414,22431139,21993925,21493403,21139843,21026465,20951981,21025006,21056933,21258454,21237039,21406273,21375365,21491553,21374511,21104712,21058166,21081247,20667357,20542931,20272145,19898226,19341270,18711249,17943437,17322785,16624072,15861589,14994983,14360600,13781471,13147921,12249141,11437858,10903437,10484277,10068258,9661431,9146183,8742650,8517843,8312130,8028985,7785505,7571246,7385761,7158619,6960934,6778254,6617736,6419302,6254119,6017129,5840217,5576721,5386559,5114490,4880514,4619761,4397158,4151334,3949663,3747289,3570880,3405901,3227749,3101837
A16,207133,300671,400649,548375,719639,960582,1187798,1440001,1717356,2003488,2273503,2525466,2791662,3108984,3347605,3673012,3950826,4257475,4493669,4779687,5104616,5413846,5710747,6140367,6621199,7168925,7843099,8608331,9414475,10113960,10815794,11287702,11632823,11908421,12132216,12264767,12315938,12379097,12354495,12282329,12335392,12306879,12477173,12713183,13038321,13420157,13785902,14016251,14232364,14284577,14309092,14126174,14059649,14020936,14026242,14140701,14396572,14724417,15148433,15507555,15823159,16037677,16111622,16059061,15954172,15732638,15509941,15187471,14974487,14732692,14567655,14682931,15319350,16337240,18741329,23131251,30333254,38160161,44911508,49590587,52681112,54728627,56252670,57128548,56391038,54824013,52897477,51109619,49270510,47697348,45843315,44528198,43276267,42843580,42928957,43801589,45425028,47120647,49164147,50616459,52276787,53665475,55004272,55703330,56040019,55956048,55559411,55216894,55024175,54863920,54558067,54346761,54028110,53849053,53727030,53728456,53339815,52799763,52034850,51477479,50732326,50144853,49642734,49265522,48788003,48160843,47487964,46809997,46075320,45421519,44966378,44652266,44379577,44187750,44085311,44128818,44084553,44006929,43974127,43762283,43572564,43237109,42693195,42002444,41066012,40225310,39524130,38993908,38642441,38442630,38003217,37648711,37208921,36731569,36148471,35588219,35179049,34627659,34096782,33595438,33135700,32753436,32586317,32517771,32393341,32059862,31632816,31042511,30191884,29463464,28921944,28379087,27683103,27069888,26443836,25877013,25218703,24702551,24236238,23744485,23248968,22790973,22540194,22319505,22294623,22069034,21657011,21111462,20736644,20632684,20552146,20622456,20662236,20820302,20831496,20953047,20934600,21066553,20954527,20694715,20704929,20715301,20273981,20146718,19912873,19545418,18951612,18354193,17644995,17024421,16307950,15621419,14763414,14143302,13550808,12967067,12067109,11277641,10757216,10355536,9954364,9525257,9021565,8655089,8408260,8168283,7908523,7664723,7404911,7207584,7014778,6815645,6615311,6453593,6264306,6079234,5864058,5666682,5430825,5210598,4996999,4780395,4542157,4319576,4089530,3907066,3704351,3548459,3394216,3231745,3110824
A17,225070,319463,412597,562750,732485,966977,1207572,1478479,1756810,2005129,2300703,2571125,2823527,3093059,3390639,3660267,3963553,4244817,4555709,4813447,5118834,5394227,5769821,6172281,6632849,7144345,7852769,8601220,9368075,10118585,10825678,11272583,11684824,11954568,12113482,12254439,12333315,12374796,12315996,12348301,12291997,12331174,12463600,12726516,13089516,13427276,13756314,14060793,14270744,14288589,14212311,14145076,14063971,13984597,14045401,14170962,14361029,14678379,15064945,15454292,15800170,15960142,16034049,15976505,15888440,15639768,15444398,15141581,14924145,14643316,14546673,14595981,15159044,16209838,18511266,22745606,29916603,37623398,44377827,48962049,52058038,54293379,55822691,56609106,55868859,54464721,52448091,50673561,48823752,47241578,45286598,43980574,42748231,42311611,42366576,43289504,44947195,46601071,48587651,50144448,51799650,53109517,54551587,55344371,55670642,55493721,55090508,54849343,54593901,54452772,54237308,53949499,53588633,53437523,53380823,53320403,52956695,52465257,51765456,51148700,50341596,49923381,49470095,49074759,48445878,47938137,47349591,46522445,45826096,45178227,44742336,44354414,44097166,44007687,43849396,43854341,43898687,43788728,43673324,43551263,43360071,43075146,42480974,41843619,40961046,40099716,39331407,38917834,38561741,38286978,37916398,37563261,37076010,36560294,36047883,35525481,35030474,34524266,34029915,33567578,33020281,32619965,32544598,32452223,32259364,31950237,31569657,30984463,30083396,29385854,28856596,28322708,27576813,27019569,26388514,25763435,25141899,24659490,24186613,23650047,23183851,22727470,22454881,22251834,22249085,22011175,21539914,21068413,20688259,20586497,20513877,20564105,20638353,20750133,20760855,20891206,20862965,20991909,20902705,20670332,20636215,20616943,20205867,20091011,19811216,19465460,18891283,18316389,17561609,17014034,16283043,15574266,14737907,14105373,13507986,12925578,12029879,11267085,10722990,10347318,9928176,9504947,9009793,8612845,8376461,8167773,7872228,7641098,7417600,7198759,6971046,6795232,6603345,6451175,6240744,6084548,5865178,5647495,5418879,5226090,4978145,4764316,4543426,4316302,4082167,3889389,3702241,3552710,3398473,3241807,3124314
A18,201398,272215,359221,496125,672606,865582,1092431,1331367,1532382,1832104,2099701,2340488,2636765,2917781,3158284,3498322,3768574,4036965,4303147,4601767,4872819,5213238,5524096,5968454,6354954,6937285,7649313,8371599,9171927,9870073,10517239,10990459,11387547,11705197,11920826,12005602,12098351,12153270,12128907,12102339,12093689,12185424,12345131,12551339,12937209,13214745,13582422,13887076,14127920,14179073,14165124,14032653,14012818,13936288,13984119,14087456,14339278,14659014,15104788,15486555,15820697,15948739,16090255,16010943,15953512,15678938,15498782,15236322,14968488,14674632,14589056,14722536,15275686,16339180,18655918,22978391,30205516,38080163,44823331,49290099,52557625,54717469,56300897,56782979,56157112,54783711,52750115,50975666,49075036,47630224,45756735,44406638,43152761,42703843,42759838,43669686,45302519,47086791,48987011,50507211,52170214,53509898,54858331,55662951,55993380,55842895,55483593,55132994,54975204,54804267,54483747,54242362,53877067,53676638,53657250,53562798,53197460,52755155,52018303,51404933,50641889,50126471,49749064,49240455,48712430,48106184,47502865,46744470,45991091,45353999,44943184,44534482,44320859,44170207,44079689,44010896,44070267,44021220,43913860,43765559,43517293,43182978,42661018,41964344,41079263,40244283,39427127,38948779,38646779,38446928,38003411,37630970,37179191,36658411,36106619,35604681,35147778,34566702,34056570,33568470,33092498,32712569,32580089,32533864,32359821,32008481,31553375,31035945,30142953,29428526,28891520,28363101,27654726,27055442,26402101,25808272,25202791,24691300,24222657,23734047,23258979,22805376,22506525,22269248,22287847,22019889,21599977,21110479,20730521,20612807,20530512,20570459,20626201,20804836,20767993,20882866,20919635,21013360,20922932,20703058,20637564,20639674,20216822,20098757,19862049,19483390,18924561,18308736,17606531,16993821,16285135,15552240,14734811,14092726,13532221,12915074,12034348,11245452,10735214,10336078,9909039,9506711,8981968,8609177,8361964,8153995,7882427,7632365,7379274,7194570,6965935,6782348,6574913,6433957,6239697,6049540,5849122,5646542,5414174,5204580,4954423,4750437,4503460,4294184,4071465,3873336,3693591,3531269,3375516,3218722,3074977
A19,134648,197852,298312,424750,612000,784796,1019548,1243499,1509102,1776719,2001601,2316686,2566479,2846794,3107912,3420622,3698964,3929876,4214574,4507447,4811647,5097725,5423562,5916613,6327726,6853769,7562251,8238863,9054396,9741141,10401458,10907332,11325258,11628443,11842247,12009891,12100964,12097039,12183111,12127481,12092432,12169674,12328803,12570127,12933567,13225774,13552174,13880624,14085917,14184706,14203949,14065029,13966822,13949104,14003610,14072306,14330817,14694826,15033428,15398917,15760354,15950039,16079785,16033372,15898056,15678034,15475014,15192720,14990906,14662485,14588218,14699969,15226504,16283207,18508467,22804298,29947034,37682766,44431786,48915157,52122621,54187440,55835466,56638851,55950350,54472236,52542657,50644288,48844943,47211060,45488934,44018077,42746176,42308840,42476549,43279838,44937109,46672854,48682084,50129523,51806373,53247523,54553542,55347857,55664744,55537414,55169830,54864654,54616050,54554686,54143218,53978199,53607454,53457632,53360590,53358368,53024988,52472600,51771779,51182951,50422005,49859395,49464263,49091506,48579940,47911691,47326998,46655564,45892095,45235848,44770188,44478344,44172606,43948597,43926591,43897972,43898501,43860754,43828525,43555135,43364772,43091945,42594676,41879372,40964455,40141205,39393746,38910986,38524045,38351199,38006262,37573800,37120561,36663486,36084022,35538914,35117795,34598758,34053881,33590221,33100523,32709901,32549195,32488119,32364842,32038559,31569414,31030614,30191469,29438974,28881403,28396129,27694230,27054431,26446547,25894448,25251631,24710352,24251542,23763492,23281958,22789790,22557597,22339441,22277965,22033758,21620893,21115262,20740706,20639081,20526227,20598733,20674929,20847618,20854308,20914092,20907287,21063652,20994825,20693113,20662732,20681343,20262002,20101718,19879207,19532359,18934925,18324935,17622469,17062822,16307802,15589389,14761823,14143181,13520439,12947068,12052117,11288459,10734648,10340729,9930150,9489441,8995338,8616577,8389208,8138743,7886512,7647605,7384370,7188264,6985610,6808737,6592225,6437177,6239031,6084792,5826922,5657001,5402420,5225104,4979567,4749908,4522051,4312337,4063034,3876218,3695336,3516572,3374967,3222187,3071139
A20,208169,281745,392467,531447,721819,954503,1183183,1450493,1693758,1938360,2216485,2539515,2766860,3084375,3385457,3696981,3906003,4231652,4507527,4809926,5069418,5367869,5708514,6113725,6611697,7111094,7863175,8564775,9388409,10096561,10762904,11214538,11668306,11869490,12119759,12194278,12319777,12325931,12306296,12240859,12245024,12283774,12480560,12690505,13053740,13310335,13711796,13956680,14149415,14255565,14244179,14104796,14042117,13944431,13996260,14109352,14367482,14671375,15030000,15483016,15795966,15974395,16072145,16012265,15899492,15661383,15436197,15166990,14930811,14686249,14592223,14672179,15248379,16354049,18654080,22979211,30311009,38054897,44773325,49371991,52484140,54713649,56187038,56984558,56273083,54811186,52800517,51007471,49193530,47685065,45860710,44428896,43277397,42726511,42829909,43715047,45369157,47062020,49083890,50544419,52292261,53614606,54887971,55710096,56020736,55895638,55587263,55245275,54961371,54830598,54541282,54323630,53995175,53821263,53735294,53679866,53264036,52795815,52068915,51413793,50713868,50207395,49713149,49264492,48708944,48171963,47584400,46803812,46100664,45456366,45006337,44603056,44376420,44229383,44069223,44028005,44069080,44091072,43943696,43735475,43548102,43243784,42644438,42054991,41147603,40259346,39451066,39015166,38653707,38422822,38061215,37685647,37218065,36701934,36122663,35661990,35175409,34612021,34104447,33610816,33132302,32771596,32597997,32568445,32370538,32088894,31680846,31062545,30173473,29491596,28963809,28416463,27713589,27134318,26472847,25885901,25292842,24761765,24327380,23774218,23336303,22849721,22550163,22342545,22335228,22076303,21642034,21144139,20778532,20675389,20581424,20633921,20696587,20853712,20847311,20975008,20963757,21078441,21000301,20754632,20715615,20686285,20296952,20152235,19910202,19510723,18981712,18365683,17654117,17060106,16339697,15603798,14775594,14139081,13545557,12941789,12055110,11276793,10748283,10346539,9931403,9503488,8994632,8629343,8387051,8157210,7873059,7666764,7412344,7207481,7005116,6789076,6609753,6449114,6261292,6077312,5849379,5664628,5434337,5234040,4980938,4761801,4535310,4290507,4082953,3880719,3698476,3523791,3371097,3216822,3093428
A21,194929,225540,248889,305000,357697,430349,510114,593989,655979,742052,821809,895000,998096,1090792,1186246,1310178,1437058,1590972,1755475,1996050,2274278,2614354,3050040,3604696,4294182,5128442,6111265,7116822,8015362,8929566,9645579,10377380,10988655,11437605,11836054,12196182,12582870,12871069,13149261,13537175,13903833,14323379,14876922,15329084,15915770,16370929,16716621,16956184,16896500,16658032,16273611,15887199,15769343,15637745,15635703,15758117,16029562,16488513,16875512,17375920,17738922,18065209,18323917,18647615,18744941,18837872,18895838,18861623,18691695,18637388,18409548,18218105,18066266,17918272,17862577,17829749,17960582,18251147,18550778,18964192,19333872,19690876,19964197,20234255,20317547,20437555,20452601,20571022,20654144,20860707,20970942,21289877,21551742,21956713,22354876,22904348,23503341,24223306,24924862,25711376,26438291,27114613,27742862,28400485,28739309,29188809,29471683,29813291,30017101,30270106,30443913,30746104,31012864,31323823,31518981,31857209,32096371,32425999,32732398,32997791,33212409,33396716,33623423,33707587,33772525,33843703,33861114,33838367,33847014,33847458,33788490,33621861,33597331,33479290,33267974,33099052,32897019,32593092,32193953,31868402,31498680,31184804,30828411,30524179,30177812,29793321,29553575,29377102,29319989,29268269,29180173,29010059,28809800,28525197,28167254,27853233,27532999,27101001,26738893,26317064,25836405,25385596,24990375,24627625,24230384,23877398,23467910,22998106,22440841,22047257,21824643,21595525,21363248,21101846,20785870,20539658,20288000,20052518,19789625,19587941,19344908,19131930,18877852,18694522,18481941,18253521,17970179,17669281,17445223,17321519,17136748,16950226,16740251,16548377,16352558,16138738,15906705,15703053,15303078,14766734,14530422,14452407,14288595,14194810,13992960,13714114,13452430,13144892,12832994,12644674,12402824,12121392,11769263,11533119,11298629,11073083,10657157,10266083,10023611,9883947,9739315,9562073,9247936,8990146,8868512,8723475,8463642,8237792,7971289,7718018,7449007,7201022,6976056,6763218,6545527,6387651,6166087,5965194,5769304,5581625,5411706,5231179,5083230,4949360,4785495,4643446,4519838,4393849,4261733,4130867,4035003
A22,193943,201342,232857,284125,345697,386784,465909,555082,625426,688557,759498,863708,933685,1037303,1129594,1248585,1386871,1533503,1705373,1909319,2172081,2499395,2944612,3458703,4163876,4948510,5830039,6851189,7696117,8594342,9315724,10012025,10603699,11135079,11533347,11887876,12210845,12542634,12849261,13155616,13561694,13975044,14556491,15073423,15572892,15980336,16485723,16675822,16633656,16366734,16036733,15652435,15533581,15471014,15487198,15624330,15875260,16298233,16693283,17190805,17588871,17977089,18231693,18463942,18619805,18747640,18759231,18787599,18666858,18609216,18398501,18237657,18049895,17894941,17790355,17757728,17910795,18105039,18451487,18849575,19185312,19599644,19835048,20088777,20202147,20334873,20361783,20498688,20539953,20735399,20895969,21210269,21442477,21804103,22244341,22771239,23341574,24024395,24737603,25527329,26221797,26947345,27581276,28152939,28617167,29046570,29372350,29646274,29938907,30239205,30421936,30695598,30917754,31256110,31507997,31862792,32160217,32504565,32701213,33068277,33222308,33468363,33611702,33758685,33916375,33884599,33881957,33941261,33927531,33855149,33797910,33742487,33638494,33483614,33343901,33220136,32913942,32548096,32275238,31936383,31558451,31212170,30894765,30559289,30175375,29873644,29583084,29453866,29362523,29389014,29244467,29062848,28861858,28597817,28317734,27920000,27576479,27225706,26808662,26340951,25957756,25510990,25091621,24709761,24361805,23941028,23553292,23085770,22575185,22156741,21908316,21734163,21486713,21198885,20897595,20664989,20406899,20145163,19904427,19677363,19470322,19217198,19025881,18794269,18580768,18367177,18077040,17828824,17548503,17408635,17247531,17053168,16820853,16665105,16452086,16226053,16006177,15775259,15377424,14844640,14601895,14522359,14355559,14250043,14072089,13817554,13527691,13239020,12961430,12760171,12490425,12192705,11871324,11605442,11361002,11133249,10743594,10345933,10064516,9965766,9818959,9633350,9289742,9036554,8917997,8775672,8521504,8292905,8019927,7780720,7493173,7252365,7017367,6788239,6598482,6398322,6177033,5969488,5786953,5615278,5424032,5263257,5118560,4972715,4795881,4662668,4530972,4407892,4277469,4165121,4067838
A23,172253,203087,206623,259250,316970,362326,437500,503388,585609,665129,738794,816293,911715,992186,1081456,1199470,1324157,1473476,1612923,1843041,2120784,2442512,2868776,3390617,4049547,4813204,5680601,6661726,7511268,8375482,9094365,9819622,10408415,10901693,11247354,11668885,12071728,12325977,12631872,12940732,13367350,13720692,14320639,14848991,15346532,15821444,16215432,16424706,16444399,16158587,15835506,15526349,15355782,15315924,15350116,15451019,15698095,16139265,16530408,17010068,17403445,17811418,18101857,18348860,18428331,18576872,18648627,18588887,18542375,18439147,18274173,18088844,17871749,17786343,17683463,17647554,17825262,18010197,18333006,18697395,19119641,19542957,19735109,19981274,20159947,20271108,20258600,20381612,20504050,20663449,20792975,21139101,21407067,21805915,22160136,22702467,23332760,23971216,24672012,25459902,26199109,26880660,27499973,28192855,28597326,28974253,29260394,29623548,29834904,30149915,30321829,30621111,30827562,31124393,31427936,31752870,31997258,32387752,32667565,32945230,33165462,33327269,33477861,33614223,33752739,33813991,33830299,33803665,33800759,33787982,33668527,33608369,33527729,33446757,33229539,33082067,32822458,32503201,32168583,31807274,31477980,31114664,30796613,30470166,30123741,29748554,29468741,29351968,29280705,29238085,29172258,29036283,28767838,28513560,28234729,27895460,27520720,27107446,26708819,26273992,25850954,25410351,25036957,24633555,24234211,23916263,23490226,23030500,22512490,22087559,21881356,21657333,21402270,21169965,20848333,20591230,20331652,20109956,19854877,19603353,19423651,19194150,18939414,18750521,18502297,18276033,18020291,17753736,17504902,17318429,17166625,16990721,16769976,16573293,16365187,16194988,15970716,15726172,15323770,14836308,14557743,14459118,14300284,14212718,13973262,13757581,13467354,13155090,12894008,12692728,12428628,12122616,11799874,11559011,11321345,11086953,10668288,10289518,10047914,9899453,9745990,9576673,9252866,8994110,8857766,8737862,8460165,8226737,7968357,7738134,7436018,7216475,6960142,6768872,6551690,6363088,6154008,5936638,5742916,5583477,5391133,5209599,5069489,4936621,4762485,4642153,4515359,4384644,4250352,4129551,4027454
A24,191468,214865,235844,288625,340364,413256,487119,561093,625000,714124,793970,862244,934286,1037223,1134910,1271063,1388226,1551225,1679836,1912612,2179689,2481988,2941490,3464696,4071933,4841769,5768917,6733637,7586241,8467476,9188999,9920459,10483808,11036286,11377475,11712170,12085679,12376757,12751810,13045521,13394604,13817368,14345092,14858047,15323623,15825246,16305957,16509299,16522970,16185070,15822839,15540914,15379374,15383834,15386435,15477369,15739363,16161347,16522060,17043459,17399109,17817219,18096368,18302536,18528721,18586459,18638844,18662693,18609393,18464589,18309709,18106090,17939563,17760860,17696615,17691813,17772325,18009839,18292341,18732625,19084701,19465522,19721009,20023400,20024890,20231466,20246567,20376684,20412189,20633969,20761802,21017119,21318349,21739935,22104086,22625212,23198766,23891685,24581506,25332102,26045880,26811404,27356178,27963886,28388924,28908125,29146377,29516579,29826857,30055758,30203857,30583772,30857648,31161897,31358318,31744463,31996526,32341854,32578399,32903561,33158123,33326289,33522646,33687500,33719906,33763859,33829870,33822882,33762731,33740279,33723235,33607890,33505721,33391675,33279967,33074750,32801218,32562911,32203414,31789932,31424033,31110429,30805449,30429475,30085480,29792167,29470958,29344331,29273896,29279405,29152733,28968725,28819438,28537885,28189179,27863578,27517986,27140300,26727209,26276724,25877325,25417373,25020520,24639799,24298455,23907885,23497035,23083341,22517049,22120513,21880309,21704800,21406073,21113865,20849907,20590918,20318014,20078318,19873152,19624634,19370611,19201526,18958209,18737996,18498280,18296933,18020240,17754151,17481231,17341764,17183333,16985471,16771233,16587433,16371484,16139722,15978302,15748589,15338392,14799421,14558781,14474503,14295013,14206002,14017013,13754667,13465771,13155434,12900438,12676086,12412232,12142001,11800634,11529752,11286046,11059657,10687322,10273151,10038468,9922599,9753538,9545419,9248264,9001415,8855273,8715573,8484108,8240007,7944689,7721828,7448559,7188052,6954795,6765879,6557447,6348510,6126893,5947536,5755046,5568369,5391588,5230898,5066636,4914050,4770467,4622986,4511727,4376924,4253689,4126007,4011310
A25,186573,216107,250259,293875,358788,421628,494124,577815,655873,730619,798300,885073,958096,1070606,1154752,1288674,1421480,1564558,1739671,1942652,2236944,2543285,2978070,3531772,4156003,4970176,5896112,6878669,7764636,8590014,9354811,10045168,10664511,11110197,11583219,11984584,12233885,12566312,12887136,13169991,13557636,13946547,14527528,14966655,15484314,15959334,16309960,16498318,16546326,16290501,15919409,15575541,15434959,15344514,15371639,15461792,15719843,16194764,16536526,16971512,17376085,17773514,18044316,18268675,18415467,18525546,18552541,18576788,18467890,18330097,18140936,17998264,17810801,17689633,17597267,17628781,17704645,17876079,18254611,18690708,19049904,19385371,19672789,19973836,20023066,20167140,20196499,20279951,20327377,20584580,20733153,21047251,21261849,21694507,22082500,22625105,23182687,23864889,24591674,25351152,26064569,26823358,27402362,27981183,28471629,28931918,29193553,29511348,29778962,30066013,30161039,30538699,30787422,31050534,31278758,31657125,31976890,32195811,32513439,32804698,33045811,33182187,33380095,33565094,33607699,33659515,33673193,33740940,33666226,33663773,33605639,33514795,33404002,33336813,33172988,32946145,32698009,32408797,32095301,31709034,31341042,31077117,30701630,30372681,30000402,29660344,29380104,29258604,29148797,29183547,29056968,28891897,28704516,28392903,28098136,27783870,27423744,27023630,26599075,26218171,25782067,25293483,24909958,24522895,24180667,23753125,23378083,22943229,22371754,21945750,21734299,21565897,21255183,21026880,20730612,20477139,20191051,20006060,19726171,19521319,19262547,19059144,18837854,18623282,18392703,18179243,17920541,17624109,17403907,17245138,17041730,16859205,16681750,16491243,16265796,16087362,15869102,15632134,15238619,14713967,14495871,14367887,14192154,14129220,13931072,13670834,13369593,13089781,12810075,12593897,12345799,12059746,11726700,11466271,11239650,11000843,10621896,10200960,9968085,9842681,9693305,9495014,9171166,8920521,8808539,8640791,8392064,8162202,7912437,7669459,7424307,7156569,6916040,6730576,6513138,6308443,6112349,5916476,5716662,5546090,5358446,5198789,5045184,4887874,4750105,4606626,4484961,4360398,4233667,4112421,4008094
A26,114965,133423,163506,212125,267711,332209,405650,486848,563916,648308,727700,805826,876477,965834,1098191,1203453,1334053,1470128,1675310,1872801,2130316,2482360,2935336,3468996,4124705,4957633,5898164,6818102,7745237,8626323,9367967,10026402,10606878,11138395,11550697,11871309,12175227,12513103,12830718,13101361,13474298,13964484,14413748,14936202,15517840,15972464,16249595,16504691,16533911,16242861,15841947,15494503,15329543,15299478,15329515,15426183,15674738,16085684,16467278,16940563,17371183,17704547,18003880,18214870,18339260,18503124,18508746,18491263,18384923,18228669,18083254,17870607,17682450,17583551,17531549,17524963,17587266,17893179,18185049,18546085,18956973,19339363,19581085,19808624,19935891,20048627,20064513,20191810,20277149,20492684,20603067,20872302,21162858,21591424,21946918,22477955,23062396,23730900,24456934,25235638,25951759,26625235,27261767,27849702,28291978,28722982,28956110,29339327,29538609,29815764,30033199,30354940,30555214,30807623,31095488,31410245,31729619,32076466,32327563,32666859,32853152,33055613,33284888,33383109,33444781,33567259,33562278,33533062,33560643,33555402,33530964,33396170,33349015,33229236,33105890,32855706,32690532,32400786,32047824,31705851,31405546,31057660,30726931,30428991,30080709,29745459,29502775,29391536,29348211,29300753,29234683,29097959,28893672,28616473,28370766,28053002,27703733,27306640,26904776,26532299,26080143,25639953,25248038,24947733,24573161,24187173,23816595,23372149,22840483,22428667,22242276,22039926,21788966,21516416,21280510,21024343,20737779,20546491,20325601,20067653,19860882,19659734,19428987,19201746,19004479,18786227,18472167,18191988,17971622,17843213,17626834,17487972,17309055,17084709,16851597,16681261,16461277,16194100,15771729,15249408,15025520,14892657,14744458,14651312,14469935,14201112,13890275,13589704,13312212,13063287,12803764,12511333,12168067,11898190,11692181,11439741,10994920,10599679,10342938,10237770,10093151,9908042,9586755,9330023,9199028,9065690,8820166,8561272,8308317,8047967,7757846,7504051,7249057,7058857,6831295,6631545,6394032,6202611,6007048,5809480,5630689,5457270,5297389,5127490,4984706,4833093,4703364,4565722,4442133,4320763,4199315
A27,78042,96375,126493,181375,229879,301860,363164,466413,541799,610770,699800,780195,859052,962500,1077015,1192745,1336278,1463799,1641318,1845201,2112112,2427730,2903633,3429245,4086599,4844074,5781388,6748451,7674714,8539299,9235967,9915656,10455473,10963147,11358491,11715710,12028089,12311959,12711519,12936849,13311653,13754185,14273866,14733863,15315308,15750318,16171985,16323099,16356795,16053541,15714498,15384541,15261049,15187911,15170891,15320559,15603713,15920706,16346662,16787675,17207535,17607741,17839951,18075071,18259532,18306246,18363184,18358033,18234407,18175384,17972596,17777751,17586371,17475477,17417701,17432135,17466547,17692759,18001254,18412595,18773245,19166479,19431549,19622261,19720458,19877448,19899393,19989571,20056979,20305643,20426571,20688891,20953655,21375610,21771080,22240803,22818663,23525156,24140739,24939284,25630011,26421790,26947624,27561218,28057889,28454251,28738403,29077792,29288935,29622594,29817268,30131399,30381093,30712344,30987913,31346533,31621410,31959977,32306523,32655475,32866914,33063263,33296854,33413450,33504040,33611218,33676667,33697922,33662042,33689377,33640666,33608839,33523519,33425221,33362200,33123013,32941594,32702620,32391250,32038509,31721813,31467199,31092133,30797801,30449206,30161492,29876243,29770345,29807407,29836583,29764749,29661669,29451639,29247557,28949928,28641812,28365163,27970099,27584230,27183892,26781287,26343665,25977029,25650057,25263645,24931509,24585318,24152266,23569083,23175473,22954638,22844099,22546355,22316758,22072534,21862773,21552894,21345767,21134185,20890915,20673937,20459671,20248999,20030155,19836388,19617333,19329597,19006894,18783398,18670790,18484476,18293244,18056872,17898713,17677292,17485599,17280269,17018973,16553529,15955402,15723589,15644223,15486725,15382266,15207291,14915135,14596352,14288837,13976840,13763582,13467227,13135517,12733719,12464526,12287415,12024742,11508606,11056672,10826083,10767791,10631347,10468902,10124990,9823081,9711122,9577781,9343245,9068819,8809667,8516049,8212151,7945456,7678892,7464374,7239496,7030660,6802238,6601239,6389410,6189134,5982289,5784900,5605319,5450273,5295368,5154923,4996037,4864922,4724631,4590659,4463529
A28,137063,160939,182727,237000,290182,353837,421808,515082,585291,661436,737700,829952,920381,1025396,1126456,1260979,1362685,1535360,1700910,1954241,2182816,2545270,3000449,3508420,4169827,5003329,5933010,6884847,7828314,8625133,9468767,10155041,10680068,11182107,11560876,11909060,12251536,12595655,12842801,13153431,13520915,13946934,14426381,15012627,15474267,15926811,16247657,16515320,16530213,16206918,15829601,15524765,15354169,15276377,15303621,15411176,15664928,16028640,16463124,16914639,17351119,17712899,17920155,18193904,18257524,18397680,18464859,18454957,18316061,18197324,18040664,17876790,17678702,17506585,17422745,17474093,17570943,17821943,18110507,18482333,18891680,19272271,19502708,19837328,19896551,20062911,20021531,20154795,20245478,20504472,20610878,20943927,21211299,21558251,22009081,22560825,23151271,23818972,24537551,25334539,26061780,26780204,27440888,28062486,28525834,28964109,29310194,29721622,29876108,30266053,30532760,30869414,31106040,31477963,31809346,32176966,32488167,32922341,33262398,33520469,33819291,34133651,34346830,34514150,34607002,34781334,34816906,34873418,34876458,34951958,34827971,34843807,34822950,34769546,34593214,34410583,34275705,33964951,33654429,33315491,33036575,32700521,32408556,32069890,31718206,31346111,31121995,31044919,31076946,31091382,31102957,31034877,30813131,30589022,30346808,30035474,29688355,29312725,28965699,28511521,28127174,27672588,27356424,26972043,26647574,26337428,25990149,25468502,24891662,24508421,24291098,24163441,23922598,23699405,23412029,23147177,22888236,22692632,22437574,22223453,22011301,21814432,21564040,21366937,21161904,20919938,20589859,20303716,20039699,19916689,19759317,19600003,19350553,19189650,18968002,18769555,18529863,18277874,17761267,17117533,16804435,16773866,16637899,16582571,16388339,16108623,15765643,15399280,15066147,14865956,14582797,14172751,13703892,13433350,13278909,13006998,12412807,11871418,11634126,11630868,11568157,11409965,11012288,10695608,10628687,10501435,10215822,9964620,9690981,9355861,8978705,8694407,8402481,8197462,7961613,7747343,7513607,7298366,7056004,6852335,6615913,6382327,6183475,6032843,5875117,5715010,5564534,5396806,5276985,5123567,4972171
A29,49859,69396,99091,145000,204121,267953,324181,420000,498404,566462,625930,718927,795905,876019,1010770,1099382,1244850,1385993,1551819,1731201,1996236,2344278,2752642,3267629,3889651,4657701,5575254,6484798,7344759,8183696,8883423,9602647,10206030,10642631,11028134,11461832,11836584,12170312,12512580,12862683,13213948,13653479,14216373,14713296,15182739,15665390,16028824,16254411,16256856,15989058,15644401,15283424,15156239,15099835,15147814,15206813,15478065,15926152,16280232,16751912,17177637,17574281,17808012,18015134,18184046,18291543,18350462,18371336,18230099,18118481,17969937,17769826,17607555,17494216,17365222,17396975,17502437,17706322,17972672,18409595,18745517,19105370,19338008,19582345,19723957,19811688,19868359,19971623,20058038,20257787,20405573,20700047,20922989,21286041,21727142,22251193,22765400,23441779,24147925,24861817,25604360,26325843,26945726,27507588,27964198,28396942,28688416,29018556,29232589,29565298,29690203,30028908,30277562,30647263,30869331,31156187,31552159,31869320,32098002,32437946,32671895,32851588,32985770,33202562,33290607,33369445,33390092,33394906,33449423,33390815,33388102,33338675,33260893,33149096,33037762,32887785,32624266,32339653,32057273,31678404,31364417,31047108,30794899,30455255,30062074,29786348,29535810,29444329,29374709,29405724,29369139,29195301,29031188,28774764,28516507,28161341,27865390,27483296,27089667,26660783,26310224,25888440,25488407,25111157,24813859,24460334,24038646,23612167,23089675,22677218,22444376,22302131,22079710,21785571,21515591,21290836,21031105,20791838,20596785,20362939,20139195,19904400,19708299,19544966,19259735,19042115,18799702,18523718,18244397,18103507,17967574,17789143,17544685,17392843,17156655,16962978,16743671,16527583,16088888,15495629,15245414,15178633,14988327,14915014,14745391,14490571,14128478,13842626,13539144,13326179,13048939,12735781,12365385,12096370,11883733,11642775,11204285,10730485,10480111,10429329,10299245,10118076,9762407,9515867,9384600,9235241,8988161,8752775,8481242,8193912,7913344,7639241,7389888,7172036,6971642,6774885,6543013,6335813,6129206,5959014,5747783,5564716,5394340,5237647,5072031,4941488,4784040,4660215,4536466,4416854,4310536
A30,106338,121610,161428,206125,261084,334186,410621,495519,555107,630462,710855,817561,871388,982884,1088183,1198320,1327967,1490171,1668348,1868596,2161728,2496339,2922680,3446068,4081687,4979733,5879742,6829051,7748489,8560431,9355086,9998002,10595611,11095720,11500775,11817213,12117966,12473025,12784394,13063608,13467488,13835924,14424787,14868249,15394589,15828722,16192426,16426578,16417251,16099169,15776229,15444025,15205135,15250357,15232554,15313777,15557778,15968986,16390095,16825095,17216529,17610015,17821807,18076488,18230994,18338362,18316646,18355195,18225708,18151972,17944265,17728911,17596621,17476533,17329833,17371511,17519280,17741628,18010841,18451636,18810253,19188310,19417929,19718122,19787847,19916160,19939582,20076031,20110321,20282585,20456457,20786633,21013636,21409251,21861791,22401421,22955260,23611423,24377799,25122869,25807082,26559658,27193901,27722659,28119799,28600325,28880763,29200412,29440956,29732666,29914546,30154399,30423755,30768804,31015913,31256482,31546394,31923062,32194643,32486562,32667107,32917475,33054151,33212897,33346209,33369209,33391823,33409819,33428514,33376939,33325383,33267631,33153345,33063504,32965958,32746374,32525255,32183387,31874535,31565470,31188719,30884664,30543303,30249130,29864044,29559123,29317557,29205617,29116787,29130530,29041320,28855926,28665611,28400957,28133909,27746040,27453744,27061429,26663246,26237657,25834393,25440862,25024130,24636116,24312155,23925151,23530352,23043427,22567129,22172751,21867747,21749720,21509959,21231901,20928006,20702102,20449090,20230932,19994456,19788690,19531141,19344479,19141332,18922854,18670346,18474814,18192597,17951732,17683707,17524197,17378531,17212737,16961951,16796010,16602091,16395547,16157759,15917947,15514598,14975293,14735991,14654077,14509929,14378860,14170370,13912136,13610738,13311564,13046694,12835328,12552115,12271311,11919394,11672458,11406385,11176605,10815485,10387428,10136588,10035954,9859932,9691838,9380659,9118161,8988234,8833524,8580319,8356697,8096789,7827739,7576159,7331699,7075664,6865476,6663197,6472351,6247758,6038064,5843880,5662106,5466069,5294849,5160619,4995681,4827769,4706963,4570343,4435832,4309902,4200164,4066652
A31,218450,221351,217124,219874,221212,229294,230795,228306,232978,246185,234573,243235,243827,242046,245479,252000,261043,262034,269835,275422,284627,290916,290037,294079,301479,297679,304371,316805,306192,308537,311188,307843,310326,315486,316387,315872,310048,295586,299556,292161,287243,276152,270588,266945,260701,249587,243222,232811,232066,212260,212165,205101,198168,189164,184147,177640,175184,180805,186438,189610,208079,227587,258219,305578,373988,447721,565424,683977,852941,1035592,1257746,1497071,1762391,2022304,2309480,2558106,2832732,3067561,3314575,3482044,3683541,3795873,3918039,4009527,4078192,4126975,4162261,4185668,4249902,4253145,4296212,4317297,4332165,4349631,4362485,4342719,4315465,4283199,4245738,4197644,4108445,4038220,3945043,3865205,3770258,3700389,3629872,3520564,3426143,3351091,3257586,3150187,3049994,2929609,2811312,2703658,2571427,2436897,2292724,2134828,1996154,1836147,1690641,1538966,1411319,1294128,1196524,1102331,1022246,956155,909225,851944,815465,778276,755039,728776,703336,685224,668492,649630,634102,619873,607819,594806,582947,569646,553329,542290,531039,513497,506187,484876,473707,460480,443479,428421,410490,395756,374115,354436,341327,323884,305989,293177,282391,273675,257146,248396,233058,225088,217424,210741,201231,191753,187671,179949,175854,174550,168741,165403,163344,156632,156043,152225,152543,149341,147814,147630,143764,144153,147656,142657,139325,139498,134629,130473,131273,129275,126322,121375,119745,116482,112511,110488,108493,105731,102393,100901,101183,97862,95531,94264,91550,89866,88778,87332,86437,85928,82507,81383,82883,80695,80502,78085,78189,77667,75918,77068,74334,75249,73137,72591,70378,69174,69659,67400,67834,66421,64773,64951,65432,62212,62355,61304,60466,61753,61732,60169,59672,58769,56668
A32,254084,248243,253072,259874,264268,270292,259091,270769,275000,289534,282110,283431,279043,285981,294520,296355,306348,317288,307801,318875,336392,334504,343657,354493,349577,352993,350132,360447,362477,370359,362849,363595,356630,357526,359745,355616,365190,344138,342355,340507,328518,318996,311507,305655,301700,290485,290998,271448,266100,259122,249681,245794,232763,225919,224875,216080,213059,217944,215726,227060,244116,268789,303571,352065,420323,501126,618305,749451,924659,1122339,1359430,1614252,1884028,2144662,2461466,2732654,2996890,3248550,3514679,3698766,3881843,3986730,4126027,4208637,4288018,4320454,4379272,4410361,4471185,4486849,4498959,4531427,4559767,4561381,4561027,4550414,4508943,4476157,4434583,4391179,4309750,4232416,4129115,4052094,3948494,3851186,3761652,3677635,3585722,3481458,3387838,3290687,3161404,3038027,2927025,2794202,2660506,2499313,2349745,2172317,2020086,1846578,1693508,1525911,1382170,1248106,1133318,1018829,943729,864953,793485,742813,699536,649923,626606,594028,572870,556553,540988,525671,511081,503531,490306,482175,475057,461232,457204,450310,442077,435132,428541,418167,407829,401104,389464,378579,362173,350000,335441,326944,310644,300645,284217,275385,271124,263790,252174,242906,236344,226622,218644,213961,203977,197014,191597,189611,184474,183433,182453,174408,172924,167644,166385,165338,163339,162297,160513,157437,157167,156547,155474,152876,149812,148055,145019,144220,140279,136438,132363,130102,127102,124754,121074,120000,117556,114056,109749,109892,106837,105942,103716,101919,101499,98451,95781,96913,92580,90900,88973,88766,87222,87212,83946,83823,83331,84173,82600,81536,79817,77641,77771,76421,75550,73445,72625,70937,71643,69823,71029,69582,69805,67223,65789,65547,66030,64380,62225,62726,61320,61685,58367
A33,236783,249865,248496,250125,247394,249069,260454,268197,267128,270515,269648,268097,270622,284186,273881,281778,282000,290548,301570,298554,309725,327710,325672,329386,332210,340409,338742,343131,344706,351224,347849,339104,350598,352966,344580,348157,349286,337977,336896,337330,328148,315270,313777,308956,298373,286571,278951,274855,258469,249935,241876,230109,226809,214656,215741,205093,206393,204583,208016,216725,233210,255096,288804,335226,400471,480808,589177,718977,884165,1064145,1298817,1520784,1790355,2039100,2316888,2582395,2833841,3095940,3312341,3497158,3669431,3812978,3896316,3995995,4081755,4133862,4159173,4198725,4242094,4258330,4297914,4304459,4341575,4352992,4357056,4335011,4314912,4294742,4248445,4186308,4118036,4044954,3971718,3881866,3781389,3693850,3613389,3543736,3432402,3346203,3262087,3171579,3054929,2956976,2844331,2700351,2586445,2444796,2309428,2149704,1989874,1847907,1695379,1554914,1434881,1306564,1209611,1119600,1042355,985410,922318,878758,833194,800832,771317,746936,724728,709090,690538,674642,663222,646112,632530,613129,599170,587025,576427,557517,545451,530991,520399,502045,479506,466157,455198,433776,419582,404896,380862,364100,343605,327092,313144,296506,286075,277567,262684,249388,236545,230842,218092,214199,201533,191568,188882,177875,175232,171275,168232,165623,163798,162021,154735,155188,152058,149404,146195,146956,144790,142374,140996,141758,134865,135649,135613,130422,129323,124578,123157,120666,117273,113741,110785,107607,107222,102944,100852,101947,96100,94966,93671,90921,90784,89390,89413,87548,84746,82704,82098,80322,81090,80128,76823,76394,77894,74847,75969,74401,72985,72796,71214,70438,68298,70265,68788,66650,66967,66017,65793,63476,63852,63606,60955,60221,59987,58401,61098,58696,57349,57141,56486
A34,35774,51486,45490,47000,52848,59534,59204,61967,61489,66082,64321,68431,72476,66511,74272,77333,80000,93586,90991,105702,105255,111526,111418,112898,126408,124830,128646,138025,135356,142455,141565,138258,146739,149344,146446,152186,152095,148459,144690,143262,135031,129739,129765,121669,115489,111469,106993,103265,95906,88849,84076,77978,71585,67134,65249,62992,61782,64194,72093,84241,101894,127448,163995,208241,280074,360956,482978,616548,791459,973403,1218976,1458569,1736793,1993773,2293881,2562605,2841090,3094656,3324679,3512972,3707978,3826366,3943189,4032761,4105032,4167894,4190475,4227566,4278128,4306210,4336848,4358598,4377444,4374938,4391435,4360350,4350798,4310230,4269561,4212606,4127624,4049368,3958683,3893325,3779301,3680932,3609942,3511519,3418059,3326798,3211046,3133564,3022365,2907136,2787734,2645829,2506947,2367844,2211093,2044698,1888599,1729275,1559514,1420852,1262220,1133509,1020991,922362,835784,763089,697622,643360,600697,554539,533635,502751,489192,458523,448315,433232,423591,414269,405891,399699,387331,384031,377814,367961,359830,349703,344450,338397,329286,323710,314692,296597,286553,271653,260077,245805,235130,225756,212449,200152,192324,186735,177661,168781,161870,154263,153674,143663,138657,134701,129421,129038,122917,119796,117332,115310,113154,110108,109099,104099,108516,105611,105269,106057,106383,104076,103227,103042,99300,99761,98578,95129,93417,92050,88887,86910,84299,81979,78575,75842,72749,70652,70496,68614,65343,65353,63646,63036,60879,61338,57988,56623,57679,57519,55791,52355,54946,50598,51738,50225,51349,49042,49401,47330,47570,46897,45865,45418,44613,44642,44054,44697,43901,42778,42477,40390,41843,40252,39421,38613,39619,37648,36470,36584,36799,36209,35159
A35,218873,215973,211111,212375,216606,224302,227386,223934,224255,228969,232965,227805,240382,240651,245570,240885,254372,261864,257934,273173,275686,285801,290632,289747,297684,282925,295115,301917,300555,303642,309159,300672,308424,303770,302893,302801,294143,301011,288160,274968,280575,270661,266992,253814,251712,239713,237168,227279,219268,215259,206900,200528,190045,183761,178561,174741,174237,172239,173907,191153,205006,224587,260000,304893,369206,446609,562155,679167,839273,1023519,1239456,1462702,1727877,1962041,2231220,2504960,2752237,2987097,3218628,3379405,3565085,3694649,3786283,3893475,3941948,3983735,4036261,4082414,4114481,4150916,4171928,4209681,4229362,4220299,4224865,4225925,4193714,4175365,4122088,4071005,4002989,3937851,3862397,3772330,3678776,3609416,3534324,3444377,3358234,3300633,3192216,3082523,3006617,2899006,2781677,2658716,2543674,2429114,2284531,2135587,1991937,1848312,1712713,1581585,1462601,1346504,1248946,1173238,1104151,1057464,1012557,977871,936412,912022,896682,874757,860709,840731,826760,808319,795497,781481,772800,759782,732397,724228,706081,682597,668825,646751,628157,605715,579827,563793,545099,523684,496442,468853,442521,421191,403771,379114,352972,341054,323676,308363,292605,273396,257663,247469,234440,227917,216253,201816,195613,188308,180738,175538,171780,168997,164463,158400,155332,154534,148351,149391,148120,143000,143388,143754,141033,139376,136265,133852,133786,129880,126590,122972,120938,115480,115923,111838,107449,107489,103323,100683,99906,97094,94712,94991,91266,89008,89195,87714,85767,85469,85677,82655,80933,78547,80020,77870,76808,75953,75359,74850,73358,73506,73276,71153,71115,68399,69514,67277,67346,66263,65555,64914,64456,63494,62496,62259,60820,60802,59852,58734,57960,56469,56538,55571,55705
A36,255352,264865,260000,272750,268658,270877,273182,267650,265319,278454,280000,286863,281914,284930,291141,307022,303565,310508,321162,330968,329647,335632,341498,339711,342676,355085,350957,357444,362050,359281,360291,356910,368533,362105,362449,365813,348830,346621,340000,335456,333484,320161,312368,305693,297343,297266,289228,277645,269750,255642,249027,241931,238076,225030,223617,206541,213003,215577,218657,225107,242608,262787,299541,345459,405771,483284,586651,718139,884047,1062855,1292147,1512865,1763992,2031540,2300526,2537029,2808208,3034644,3268688,3450685,3618036,3759456,3847638,3958889,4017656,4081309,4104756,4152754,4197761,4222172,4236299,4252516,4290828,4280410,4308182,4294186,4267436,4223107,4185413,4129194,4068718,3985396,3917567,3835443,3742305,3675999,3571792,3495389,3398844,3333208,3239142,3141494,3035007,2927866,2814269,2688724,2569847,2435958,2286520,2154751,2008488,1856462,1725333,1574588,1468698,1360215,1264879,1190991,1125360,1059575,1028793,1005141,969434,946631,930782,921066,907982,910776,891107,884514,878307,863320,852785,830083,817132,800524,787534,769436,748338,728808,710374,679131,660254,631326,608583,584464,562646,532663,508369,474628,451155,428803,407223,386319,365102,350064,332002,311820,292854,277632,265410,254573,236406,226251,219350,208846,201903,196222,188893,185928,181704,174814,170307,169763,161890,159087,159548,155497,154902,152498,154784,151387,146275,143101,142153,139494,136582,133606,128705,125620,121542,121961,117849,114973,112075,110952,108376,106023,101706,99830,100011,99307,97371,96332,91804,91792,89643,87666,87292,85437,85608,83929,82544,82039,80924,80402,80624,79413,76991,78351,75604,74456,73905,72668,70304,70776,71842,70269,68457,68989,66239,64896,63429,64314,62774,62418,61915,60130,59594,59568,59202
A37,243943,253378,250588,249559,251219,254152,260457,256044,260744,258247,276548,274510,282010,281028,283653,286696,292869,295678,304813,301124,313071,319157,326142,324073,340000,338767,335960,340769,340745,352793,355756,344270,341739,346121,348367,351951,346842,344746,341155,328195,325031,318996,304941,307809,291741,283813,280984,276239,263506,254332,244121,239593,225780,217121,213372,212785,206969,209400,214184,221881,230026,257878,294694,340957,403412,486192,598350,732554,894977,1091862,1322221,1546212,1819558,2091455,2357121,2617303,2901413,3155732,3374721,3558804,3721619,3858887,3971850,4046544,4144204,4196611,4224343,4275922,4318332,4340044,4364917,4386215,4401246,4411970,4416850,4401983,4388555,4353184,4303420,4264957,4187864,4093472,4011449,3921957,3852035,3752369,3658439,3577384,3458316,3396312,3295315,3197896,3078443,2977989,2849863,2725739,2578283,2449363,2308065,2142143,1998826,1836733,1692291,1532108,1401064,1286745,1176356,1084997,1018165,952231,898856,855823,818945,793519,772786,765134,742544,732063,724975,718374,699040,694541,685884,668644,658900,648681,635163,620454,605690,589138,571202,556542,535869,515533,499708,485827,460669,439208,419226,397471,378237,356208,343318,323410,309379,299423,286752,268924,254849,242999,233966,224475,212208,205388,196163,191009,182669,182570,176263,170237,167000,163344,163702,157223,154722,153079,150163,148348,146731,146658,143156,141688,140188,137599,135639,133181,129594,125876,122379,121874,118222,113348,111524,109911,105895,102423,101543,101795,97141,96306,94907,94778,91725,90700,89927,88739,84567,83926,83420,81464,80476,80782,78323,76877,78402,77053,75892,76190,74977,72899,71844,70535,70039,68678,69779,67905,67253,66198,66530,65496,63501,62477,62050,61425,59447,59782,58781,59163,58992,57811,57446
A38,46524,48648,46143,50566,53048,57076,54285,60109,67914,63626,64343,70392,68229,69345,78538,77866,75652,90468,90871,103319,101259,108888,109477,110618,115406,125938,126423,130095,130712,135808,137267,144326,145940,141473,143214,140839,142911,138064,140757,138471,133897,123453,124872,117718,113543,108201,104956,96923,95400,87850,80415,77816,70703,64977,62294,59769,59319,61506,69986,77419,93685,116895,151443,194030,262089,338919,450680,576460,736864,912652,1127741,1367961,1615544,1847512,2114763,2353329,2632546,2849476,3055160,3261470,3420638,3553849,3655786,3730997,3822192,3865622,3910873,3977316,3996879,4003723,4030930,4055463,4094125,4083816,4089054,4087038,4070336,4047310,4005776,3947038,3869223,3804371,3731766,3660496,3566968,3496382,3419159,3312769,3237492,3154981,3078739,2960459,2855315,2779670,2658377,2527982,2420542,2288834,2156044,2014881,1871092,1726255,1582981,1461640,1338043,1235100,1145408,1060243,1003067,939241,899906,871193,841367,815143,805607,785462,765648,752870,739173,747428,719914,712777,705880,693137,673624,652126,638562,622194,610432,585677,571042,543137,530382,504640,485932,461595,439921,406671,387502,365734,345240,323452,304620,280280,268809,254711,235109,219062,206453,196875,183911,176075,163951,156242,148624,142857,135859,130006,125377,121114,120141,112764,112991,108699,106905,107852,102925,102406,102056,100505,97739,100287,98961,96492,93837,91537,89892,85198,85533,83748,82905,77765,75665,73129,72017,69070,68367,67340,63604,62335,61903,59615,59048,59582,57657,56012,56750,55206,53735,53241,53579,51699,50353,49798,47259,47975,46441,46979,45274,45291,47351,46057,43934,41765,43434,41975,42289,41525,40381,40574,39534,39276,40078,37529,38097,37439,35813,36512,35389,33525,33390
A39,230354,214285,215000,228931,226463,232588,227085,228066,230374,232953,249394,245418,235288,239159,245023,252321,252751,255593,266556,259274,281968,287969,276404,292754,300777,292123,305581,304744,303220,304444,300000,297022,302131,301055,307775,303210,293365,299908,291938,281104,277320,272113,265804,260990,251148,248375,229894,230974,231619,212124,204473,199781,192171,189145,180382,172399,174204,172664,176817,188802,208956,230930,263367,306633,376459,453096,563301,691340,857760,1044780,1263198,1507445,1755766,2029539,2302038,2553588,2817097,3078375,3298476,3484496,3645823,3792437,3889259,3973025,4036827,4109124,4165953,4196747,4226826,4255715,4284378,4285141,4321747,4334418,4344609,4313473,4293611,4266170,4226965,4165399,4085101,4025543,3925515,3855263,3764637,3695135,3592920,3499142,3409493,3333541,3241778,3136277,3027448,2934534,2815817,2694219,2551402,2423757,2273250,2120894,1971933,1821018,1674622,1526327,1400981,1282419,1196872,1105396,1040751,972222,939482,889650,862502,839244,829401,822378,802678,794562,786401,784782,768264,763516,756311,736941,729980,713251,700026,689215,676462,653117,634710,617897,598003,569687,548494,522559,500498,473199,453260,427026,410255,384975,366460,347482,332241,316511,298076,284180,264649,252859,240555,231886,214717,206170,201135,193112,182822,176880,175487,167226,163461,160013,158179,155316,150332,150292,147842,141731,142632,143061,142720,137622,138434,133371,131796,130240,126192,124255,122134,117606,113613,108208,109926,106509,105935,101393,98888,96092,97208,92170,91515,92367,89594,88604,85354,86354,84003,81808,80612,78784,78957,79238,76856,74472,75024,74591,74610,73359,72259,70501,69533,69695,68275,66847,65212,67309,66243,65250,64359,63435,60730,60597,59899,59462,58253,59474,57420,58771,57234,55176,54581
A40,258723,260816,264605,258354,260244,270588,266136,269834,283422,272539,277273,277438,281154,292617,293333,295179,300262,311574,309083,321134,330039,326846,331461,340511,337668,347235,347840,349646,356211,352372,362616,352676,361202,354301,352685,359062,357512,348406,332249,333234,325526,321288,308448,301676,295028,293117,279472,268239,262977,256933,241885,234945,225513,222102,218409,213468,214424,210823,219424,221051,240449,258447,292755,329458,401122,477641,580000,695933,857471,1039233,1253045,1474338,1724046,1941763,2219850,2466410,2721759,2952350,3168598,3347891,3510310,3636129,3729842,3822428,3889411,3937425,3986443,4034609,4079336,4072328,4129722,4141530,4169623,4184139,4166134,4141963,4132252,4114463,4075088,4007999,3945212,3878054,3809482,3729015,3630981,3562870,3472867,3394871,3323257,3244129,3140618,3063395,2947395,2866173,2741404,2626216,2501688,2391491,2259779,2123588,1981792,1836306,1705368,1572614,1454016,1349038,1278925,1202805,1136934,1085824,1054911,1015651,992687,974564,959585,950191,940576,935832,916453,915240,913343,889596,883159,862088,850195,831658,811785,795367,779909,749396,725976,708532,680792,663098,636266,599683,576849,545839,519948,489987,472749,441599,411457,391982,378693,356596,340398,316269,300284,278102,268951,256624,243098,230012,219413,209036,203836,199808,190013,186410,178767,175815,170693,163559,163595,159784,156733,154484,150700,154008,149594,148360,145015,142393,137364,136962,134024,134684,127752,125601,123249,117994,116113,114599,112601,107879,104633,102444,101945,99898,99672,97719,94288,93383,91777,90996,89021,86298,85783,84059,83803,82124,81016,81040,79543,79926,80843,75783,76526,76751,74204,72392,72805,69780,68918,71697,69105,69314,68026,65559,64431,64252,61862,64471,63790,63126,61504,61283,60157,57521,58086
A41,99014,102027,106797,113207,133780,135059,157613,153736,172941,188041,194646,206305,219617,226448,244201,267289,291043,306213,337095,365992,387716,419310,448614,479564,504929,544915,573974,615464,629255,655330,662442,687248,694131,710421,718011,727242,752459,753549,781378,813504,833980,865795,895246,927719,957297,992662,1023790,1048738,1059667,1076510,1065264,1075571,1054802,1039342,1021177,995498,959290,924910,888247,852383,832507,781682,746752,707809,677731,641031,603447,567967,534033,520721,494452,479686,468803,459912,459978,454017,448273,450190,442406,436570,413681,398945,384518,376223,372071,360780,352701,345925,336327,327989,316195,313067,307652,306826,300474,296301,288927,285512,284933,278613,278971,282230,283122,288187,293069,293497,300000,310633,314745,322193,328930,330140,332789,338301,338689,341360,347135,344460,346385,358151,349830,353378,351990,357506,363286,366886,371980,377874,381867,381769,393888,396929,399037,403750,406856,408994,406929,400554,396009,387097,382024,376629,366727,360809,352755,345988,339040,334345,328678,321553,311949,304021,294441,289686,285159,275887,269547,258295,249664,242464,235614,225957,213806,212285,202879,198332,191525,179113,169475,159830,157384,154248,147720,139885,135319,130938,128242,123018,123497,124061,119884,115525,113846,110876,109553,107509,104371,103869,104802,101704,101673,101362,99248,97735,96547,94526,91573,95378,90101,88505,87532,87382,85000,84690,84839,82699,80585,79909,75897,77529,76412,75179,72104,71483,70452,68466,67676,65053,64894,62447,63299,63270,60236,58470,61582,59963,61417,59778,59869,59044,59464,55589,55850,55741,54865,55627,54851,55900,53377,53237,52201,51489,51919,51916,52078,51700,50381,50104,50654,48193,49385
A42,130986,142297,145658,159119,171463,183625,183657,198791,199893,218247,226767,231176,258469,266698,288402,294222,322609,345339,373029,390726,420706,449885,479701,516087,547280,573447,596954,624729,667454,672575,684361,703315,727466,749421,739694,758079,768401,777881,810334,837240,865980,887952,940549,946210,979408,1018597,1035062,1060513,1080435,1092021,1089507,1095141,1093937,1054680,1039000,1017147,979319,952573,894493,866425,839578,803562,768750,726852,687015,654927,622282,594225,562871,530070,513151,494305,485854,478392,470262,477322,476325,473848,460209,445992,432515,422773,408052,395030,391006,382595,374835,359233,356175,349264,341610,333141,333937,329036,320511,319801,311848,309058,304375,300463,298245,301325,300494,301988,303940,315351,321914,326374,329991,335263,338230,347421,348175,351513,358234,365279,360364,360709,360206,369161,365311,364437,364057,368813,372249,379276,379935,387981,392408,396493,398855,402323,407370,408836,415165,412140,407150,405750,403395,388706,384806,373800,366267,361837,356295,348995,346092,337435,335707,320662,315387,305422,299866,292791,285779,280566,272388,261363,251811,247530,238378,227156,217800,211768,205617,205013,194523,188005,177104,169933,164029,160465,152360,144742,139515,135421,133171,131585,129878,128962,126388,123613,118360,118388,113758,112871,108564,108317,110048,109000,110205,104500,103606,104965,103539,101352,100786,98512,96970,94921,93074,92636,89994,90170,90393,88117,85609,83312,83584,80102,80067,79550,77370,74831,74924,73905,71100,69946,68472,66875,66579,69673,66499,64911,67493,64930,65889,65104,62433,63415,61792,60180,61458,59549,58914,58750,60491,57951,58555,58928,58184,56057,53841,55177,55307,53841,54611,52779,52848,54332,52630
A43,92056,94864,106666,112452,120484,138941,142400,163406,166524,174742,186767,205098,213971,229719,247397,269464,286987,314298,328797,348629,379449,414713,443970,477818,497809,535563,555947,596988,614597,628683,646396,680225,687466,693527,700919,713877,720716,750968,749823,791678,824784,849277,877065,912320,944926,980648,996070,1011058,1032889,1033919,1033844,1048800,1038991,1026069,996324,963348,932568,890028,861674,818334,799473,749832,718215,680227,645541,610271,575219,533055,507365,490093,461922,448969,434590,428967,419389,424655,420214,418608,405335,391529,384508,368479,348735,340437,332323,325307,322708,312720,300951,296393,285861,285209,275457,276334,268339,265258,255866,257471,251564,251779,248493,245666,250582,253779,255796,261422,265724,268612,274644,277103,288719,284754,288256,289825,289886,296826,292853,298980,296193,293670,297481,291262,294153,295485,300895,301661,301954,314320,308549,311399,315078,317147,323925,321589,322715,323125,319470,316993,310044,308357,300273,293182,287757,278765,274345,264081,262774,259948,253743,249867,242443,238270,229338,223786,217016,216242,208199,202158,196023,193158,183065,176753,169785,163117,164558,163141,155836,143724,138113,130589,129173,125786,118627,113949,109057,107240,104891,103376,101612,101140,99500,97331,93508,91785,91399,87916,85626,85205,86269,84729,86325,84534,84683,82010,83024,79380,78617,79167,76181,73761,73319,73775,73457,72351,71271,71015,68695,70683,65773,67807,65369,65163,62075,61349,61072,60578,56662,56214,56585,56229,55769,54957,56191,53934,54482,55429,53499,55009,55088,52495,51418,51546,50661,50582,48341,49768,48471,50229,49579,48352,48274,48160,48135,47307,46981,47328,46774,46052,46610,45579,44725
A44,109718,126802,141447,144500,159634,179294,192386,208415,221497,230206,238384,255098,265865,281682,298356,312000,332140,347627,375620,396923,418425,433640,474082,491304,524028,545393,584053,607116,626398,639881,664303,686686,687609,682000,715970,725173,729404,748756,767156,803687,818642,856306,889059,908099,941371,989353,1003018,1021673,1034200,1056158,1053654,1051296,1038013,1018503,1000353,971182,944051,898438,873069,838387,796259,758967,727618,691774,655548,620245,585424,555036,517765,497517,475023,459193,446497,440681,432642,440346,432729,426224,415616,407314,393538,374737,362986,352044,346732,333704,327369,324540,312547,303000,296795,288914,288561,278846,277849,275616,265108,264839,255750,256060,256560,256711,254338,262394,266362,263740,270816,275926,280825,287269,288975,294947,296053,294098,299755,300732,305347,308877,302184,300308,306621,308071,305555,305619,311625,313722,314918,315427,324086,323254,323859,331800,330481,332398,330813,334085,329826,327599,322629,315936,307814,300411,294371,290973,286926,278950,273956,266338,261072,258000,249640,245519,238782,231074,225898,218866,213783,208182,196309,190699,188270,181964,176622,165750,165237,163587,157221,148367,138075,132216,132692,130100,120266,115600,109974,109706,106824,104409,105220,104420,100064,95205,98975,94680,91412,89473,89698,86543,87700,88051,84965,86633,84796,82603,82003,81351,80101,78952,75348,75218,74822,74753,74708,73211,72869,71543,70181,69327,68485,68170,67019,64558,63617,62243,63016,60936,58208,57061,56067,56591,56384,55099,54602,54865,54602,53439,53048,55488,54179,52830,53416,51562,51157,50708,51055,50574,50465,50814,50650,51070,49035,46348,45531,48037,48093,47349,48388,46509,45867,45583,46322
A45,86619,101756,108421,114213,124121,130994,140114,154143,182139,177319,189596,199313,208995,225981,237534,265422,281304,306128,328465,340000,378031,411264,450861,473333,502756,531987,562127,580834,602485,632336,637268,661634,663771,694407,699388,706667,724201,728268,752784,774341,799299,816587,855678,897638,913260,960108,974281,1000035,1006434,1024960,1021053,1033323,1018163,1002429,982003,962165,917728,878243,858297,821669,789380,747721,715760,676369,641946,610860,579976,543613,517382,491698,468192,453341,448067,433943,431048,429762,436595,433277,415753,408802,393074,382434,362797,359143,351519,341484,334574,327178,321695,312238,307929,303184,295619,290385,287993,278819,277220,270782,270805,263099,268287,267664,267385,274590,278769,282952,289121,295944,301933,308084,306409,312204,318753,323020,325319,331491,328549,333772,331352,337776,334834,332994,338668,339866,347571,343572,345281,352984,361965,365723,367667,377551,378742,376386,379631,381815,377593,374596,366760,364334,353702,351629,341861,337184,326882,324901,319584,316846,304555,297773,289866,283633,276624,266542,262681,256090,247480,240858,232299,226743,217789,212669,201367,193898,192230,187689,179871,170925,161037,151338,148673,142692,139097,132407,127240,124569,120498,117312,116274,115510,113389,109390,104525,104920,103003,100254,100590,96285,99317,97000,98600,95547,95385,93022,92484,89449,88088,88957,86610,83712,82458,81361,80952,80624,80351,78665,78510,75803,75092,74532,72526,70477,68289,68932,66611,65758,63752,62246,60852,61646,61196,58936,59445,58861,56639,59218,57918,58643,57652,55401,54401,53035,52707,53675,53337,52482,53091,52781,50919,53446,51242,49349,49090,51282,48260,49314,48671,49947,48505,49265,48021
A46,29090,36891,37792,44250,54787,59302,69545,73516,85106,91134,106532,112878,118564,134046,147636,167433,173853,191814,204856,224417,258039,278403,307807,318267,342807,368610,382838,410096,435617,444583,452116,469385,479729,496903,502183,503676,533207,537661,565753,583129,602541,638878,651055,696182,723278,759643,777732,803912,813489,835754,850445,859162,861462,831833,820820,808322,781100,757396,727040,701955,666886,633239,613376,580452,560646,519511,495845,461639,440822,415035,405204,390915,374967,361357,366283,365849,361210,360693,354958,342037,329449,322020,314080,303980,300471,289465,283619,284046,279848,268169,264921,258945,254143,253693,254278,244905,244528,242127,237937,235677,234691,241091,242142,244522,243590,254685,252052,260839,267395,270760,274812,274555,278987,278223,283655,286036,289818,286299,286410,283922,282441,281671,279866,281465,283735,286470,287002,289199,292305,295786,296766,301519,300803,302629,305979,302350,299819,295902,288977,285437,277045,274429,268373,263465,254438,250254,245293,239845,240326,228322,223428,217758,213271,206325,201241,192690,189059,181048,175861,168286,166921,159861,151589,146641,145506,143660,137013,130681,122308,115685,112231,111215,104336,100025,95415,93083,90458,91215,89074,88888,86654,84891,83129,79592,76285,76964,74321,74201,73543,75645,75870,75031,70717,69266,71274,67221,67623,69962,68808,66330,64679,64048,64873,63601,62089,61769,61713,59516,59164,58035,58774,57361,55246,54888,53340,51352,50341,50594,49180,48684,49540,49119,48126,47080,48276,48012,48938,47129,46597,46174,44796,44471,45053,43896,44949,45003,43976,43876,42866,42977,42514,42051,42871,41348,41827,43052,42427,40638,41227,41384,40769
A47,30281,35946,40915,46500,51341,59766,72500,71099,85319,89484,103015,112941,118468,129953,144475,160355,165913,188474,199173,229397,239843,265038,293358,303261,342596,362585,388212,392652,417337,437605,446898,446611,474185,486877,489058,507223,523381,529012,558938,572051,600534,624810,666953,684659,712288,751864,769581,808654,823262,845780,851529,859441,847775,845672,827801,814426,779689,756111,721694,700510,664158,647475,611792,583187,551067,514059,487270,460881,441526,416204,395057,386987,376291,371053,370435,367548,369468,363095,354071,349340,337143,325717,314920,307089,300236,292983,288649,282770,280418,275367,270177,261373,257991,256795,260072,249367,246564,246493,242333,237107,237400,237163,242304,247052,248519,255534,260227,270359,272995,276413,283167,285004,284598,291965,289119,296835,294204,295659,299022,301621,296607,296013,296406,300467,305343,301098,305475,315538,314002,315650,325317,328152,327409,324400,328676,331353,329041,322134,317599,310558,306213,296401,290967,290492,282384,274411,272773,267920,261436,249821,246191,243139,234369,225196,220158,215069,206897,203160,194131,188630,183717,171005,165741,159759,156581,155486,149808,139911,130399,126126,122841,118896,112700,104743,103316,101463,99108,97270,95852,93550,90767,90588,85095,84099,84904,82077,81676,78492,80570,78830,79838,77844,76862,74407,75889,76116,74493,71610,71788,70059,69039,68163,67521,67607,68079,66750,64128,62644,63106,60949,60629,59061,58374,56077,57101,55737,53979,52504,51571,51825,51654,50947,49550,48825,49172,50444,48778,48452,48041,49797,45516,44985,45340,45757,44690,44641,46236,44511,44102,43817,44223,43037,43298,42408,42145,42864,42120,41710,42392,40026,41122
A48,32198,35000,42614,50875,53818,68070,77500,86448,96170,103711,116583,121470,136076,149439,163744,161511,189956,202383,222562,255080,265234,293612,318662,347050,377053,403254,423709,442548,458762,476657,481565,502073,514619,531391,539542,541131,562477,584966,600133,614280,647860,659680,681836,730854,754788,787420,802557,829813,855441,861137,873408,881524,866098,867164,841027,809151,790099,758973,734673,706408,672395,643145,616646,589950,556845,525459,498135,468048,442559,419930,401481,388705,382759,376579,367211,376860,367036,365789,358956,345711,343755,326404,316633,310752,298959,298345,295390,286138,278936,280922,268907,266364,257677,263092,256997,255678,247722,247907,245526,239893,244177,244141,244098,244095,254351,254128,261979,266970,273036,277183,278214,284728,284427,286468,284721,290877,292513,296704,295378,296348,293412,291375,294567,292043,297945,297326,302534,306747,308465,311451,315555,313530,321162,324099,320689,324852,321540,313428,309610,301189,295100,289019,286913,278796,271386,265497,259845,260634,253616,246217,238562,230955,225033,221131,216214,211460,203152,193800,188190,182434,180051,169089,163245,155276,154176,151618,146445,135401,128608,122316,120012,115598,109721,103581,101131,98982,96188,93937,94265,94216,89539,87046,83488,83703,81810,78428,80037,78246,77935,77144,79638,78665,75175,74027,72566,73750,72164,71473,67992,66799,67786,65267,66625,65293,65003,64541,62289,60293,61461,59140,59177,57853,57531,53821,54836,53963,50850,51942,51843,48702,50408,50578,48744,48033,47123,48248,47837,47061,46962,46519,45628,44535,43975,44225,44735,44398,44941,45068,45334,41811,43371,42033,41120,41115,40869,42017,41913,42294,41357,40013,39712
A49,41126,36891,52287,52201,65000,75204,82613,99672,105744,110000,122010,136292,145550,171069,181182,194248,207478,230042,252727,284113,319842,337328,360223,391812,429084,454354,468609,496624,512693,539642,541624,559776,563652,577113,593843,613416,621096,628322,642306,678687,692526,717596,742349,784327,803174,831613,854957,873912,889651,907695,915574,912224,900244,902985,891307,847529,820537,786528,759946,726542,702602,667913,636442,609523,566998,542130,515290,484238,458498,431736,414864,402299,392892,389628,378804,381462,378038,369642,360854,353278,341061,325827,319520,315346,301591,299184,288775,283270,275450,278909,270308,261371,254259,255626,254376,245841,246469,242844,238217,234344,232615,237075,236021,238685,242434,251356,248826,256098,260455,262522,264755,272336,267965,275755,276742,274596,278182,276503,278835,274152,276180,272388,271620,275863,274205,275676,277043,283004,283057,282472,287183,286263,291678,290246,288055,290729,289216,282537,279853,272580,265733,261101,252822,247231,243828,240655,236067,233286,227040,220845,213639,207525,202348,197684,191309,185502,179908,177146,171041,162213,160471,151284,144956,142830,138444,136907,132235,122312,116787,111542,108162,104589,102748,95802,92651,91959,88522,86692,85977,85789,80894,82121,79399,76785,73443,76159,73300,72414,71468,75402,73462,71643,69506,68401,68641,69104,65604,66633,65750,62657,62819,61410,60925,61643,61291,61270,59626,59346,57138,56153,55458,55565,53659,53003,52952,51949,50115,48979,47144,46434,48588,47974,46167,45046,45547,45884,48289,45734,46862,45148,45387,43130,42982,43492,43050,43248,42886,42540,43200,42786,42398,41332,40422,40382,40930,41391,42430,39843,39321,38759,38759
A50,28873,30675,35424,43625,49090,59415,63750,66593,78510,84536,93668,106960,111579,117944,130091,139555,153073,166017,198091,203694,227059,249578,261343,290869,310775,330102,347881,370543,382848,392934,417507,427059,436033,440367,450867,464138,480333,486023,520089,534353,563163,587390,600000,646224,674170,698061,732750,769813,785924,806007,808822,823857,820031,808627,803436,769065,756634,729152,707579,678874,649106,620362,593410,567447,537246,505368,485531,456238,427488,409560,393143,376465,363164,361187,359346,358968,356638,351793,345500,338289,329939,319616,312665,301980,294587,290729,286480,279618,273472,267500,262969,259072,256590,251736,253363,247757,247734,244924,242099,242502,239062,240387,242232,241615,250087,254466,259282,262064,268731,272703,275254,276395,278880,282530,284442,286742,287463,285581,281509,283819,284292,281943,281412,281987,282086,283691,284562,292385,287059,295839,293948,292805,298003,296490,299281,299058,295924,293572,288895,277609,280301,268279,262980,258632,250770,245667,243529,236343,233533,224515,220851,214843,205016,200558,195333,189875,185712,176837,172561,168015,164583,157700,150120,144730,140625,138030,133431,124873,119421,111222,111370,105839,100291,96840,95410,90820,90127,87028,86879,85099,83348,81982,80332,78979,77463,74258,73800,75223,71553,74227,74822,71708,69931,70871,68151,66540,65746,66176,65562,63672,63707,62424,62177,62991,62136,60479,59778,58668,59165,56851,55880,54383,54658,53339,50689,51706,49132,47441,48484,48820,48366,48466,47004,45427,47838,46452,47331,46913,47054,47260,44551,45191,44752,43696,43438,43511,45238,43541,42752,43895,42905,40459,40521,41798,40281,41915,40581,41133,40378,39490,39203
